county,STATE TOTAL,Adams,Allegheny,Armstrong,Beaver,Bedford,Berks,Blair,Bradford,Bucks,Butler,Cambria,Cameron,Carbon,Centre,Chester,Clarion,Clearfield,Clinton,Columbia,Crawford,Cumberland,Dauphin,Delaware,Elk,Erie,Fayette,Forest,Franklin,Fulton,Greene,Huntingdon,Indiana,Jefferson,Juniata,Lackawanna,Lancaster,Lawrence,Lebanon,Lehigh,Luzerne,Lycoming,McKean,Mercer,Mifflin,Monroe,Montgomery,Montour,Northampton,Northumberland,Perry,Philadelphia,Pike,Potter,Schuylkill,Snyder,Somerset,Sullivan,Susquehanna,Tioga,Union,Venango,Warren,Washington,Wayne,Westmoreland,Wyoming,York
Jul-03,"1,568,331","7,305","146,549","10,640","24,496","6,975","41,729","21,840","9,056","32,988","15,227","22,000",910,"6,895","8,983","20,836","6,242","15,191","5,701","7,259","15,040","11,196","30,123","57,616","4,307","47,444","33,219",894,"11,916","1,765","7,871","6,613","11,553","7,654","2,139","26,698","41,348","15,563","11,976","37,032","40,521","15,729","8,017","18,905","6,848","16,300","38,611","2,179","23,173","11,286","4,229","409,973","4,467","3,029","17,600","3,894","11,113",894,"6,391","5,867","3,400","10,299","6,022","24,144","6,246","39,541","3,776","33,088"
Aug-03,"1,583,604","7,393","147,640","10,802","24,740","7,079","42,012","21,983","9,201","33,441","15,417","22,213",954,"6,940","9,062","21,078","6,185","15,351","5,765","7,363","15,277","11,411","30,328","58,267","4,362","47,900","33,454",881,"12,027","1,819","8,004","6,677","11,655","7,737","2,151","26,827","41,877","15,793","12,326","37,688","41,009","15,859","8,118","19,060","6,844","16,462","38,825","2,156","23,385","11,341","4,293","413,850","4,503","3,104","17,683","3,862","11,262",906,"6,418","5,952","3,489","10,383","6,088","24,140","6,265","40,111","3,821","33,335"
Sep-03,"1,593,909","7,455","149,088","10,795","24,739","7,113","42,444","22,100","9,313","33,827","15,508","22,382",959,"7,078","9,047","21,057","6,203","15,415","5,859","7,444","15,251","11,734","30,563","58,667","4,410","48,336","33,553",881,"12,217","1,826","8,050","6,666","11,642","7,690","2,202","27,329","42,235","15,859","12,431","38,272","41,131","15,968","8,107","19,488","6,926","16,707","39,021","2,159","23,590","11,431","4,331","414,906","4,556","3,075","17,868","3,913","11,312",880,"6,418","6,061","3,582","10,475","6,109","24,263","6,299","40,254","3,880","33,559"
Oct-03,"1,598,428","7,500","149,489","10,837","24,986","7,092","42,668","22,131","9,285","33,845","15,562","22,322",942,"7,176","9,038","21,267","6,204","15,543","5,876","7,408","15,317","11,688","30,588","58,665","4,396","48,633","33,464",901,"12,149","1,791","8,011","6,712","11,639","7,751","2,204","27,096","42,544","15,991","12,571","38,421","41,631","16,078","8,048","19,292","7,009","17,046","39,168","2,178","23,617","11,474","4,320","415,709","4,605","3,091","17,956","3,943","11,280",885,"6,423","6,066","3,558","10,494","6,112","24,236","6,389","40,387","3,834","33,896"
Nov-03,"1,606,559","7,481","149,850","10,921","24,968","7,147","42,949","22,269","9,322","34,105","15,616","22,429",916,"7,177","9,094","21,345","6,215","15,494","5,915","7,455","15,215","11,858","30,749","59,081","4,418","48,740","33,565",898,"12,459","1,801","8,001","6,688","11,673","7,812","2,209","27,390","43,151","16,024","12,733","38,696","41,997","16,208","8,083","19,470","7,052","17,000","39,641","2,144","23,748","11,452","4,308","417,378","4,679","3,101","18,010","3,917","11,325",889,"6,487","6,053","3,556","10,475","6,097","24,381","6,430","40,640","3,869","34,340"
Dec-03,"1,599,837","7,492","149,536","10,931","24,787","7,098","42,968","22,295","9,388","33,876","15,558","22,190",911,"7,104","9,106","21,211","6,186","15,550","5,891","7,438","15,195","11,714","30,716","59,009","4,398","48,585","33,399",889,"12,267","1,828","8,049","6,677","11,604","7,782","2,197","26,998","43,196","16,082","12,619","38,452","42,019","16,085","8,179","19,124","7,055","16,955","39,416","2,162","23,601","11,465","4,319","414,505","4,639","3,047","18,064","3,947","11,238",883,"6,433","6,067","3,572","10,521","6,083","24,296","6,462","40,502","3,882","34,144"
Jan-04,"1,619,962","7,645","151,084","11,038","25,122","7,222","43,542","22,453","9,481","34,355","15,823","22,331",905,"7,203","9,276","21,599","6,233","15,706","5,965","7,489","15,532","12,109","31,095","59,916","4,394","49,178","33,707",906,"12,526","1,848","8,179","6,760","11,679","7,868","2,197","27,700","44,142","16,099","12,734","39,192","42,292","16,195","8,292","19,454","7,119","17,438","40,024","2,184","23,959","11,608","4,406","418,511","4,716","3,103","18,334","4,048","11,372",887,"6,519","6,163","3,619","10,591","6,225","24,510","6,524","40,985","3,854","34,797"
Feb-04,"1,633,543","7,789","152,302","11,176","25,393","7,244","44,181","22,640","9,530","34,740","16,073","22,445",903,"7,313","9,361","21,851","6,239","15,707","5,968","7,520","15,725","12,265","31,324","60,682","4,426","49,775","34,168",911,"12,668","1,841","8,297","6,766","11,706","7,945","2,229","27,943","45,147","16,224","12,804","39,484","42,611","16,185","8,332","19,682","7,142","17,641","40,505","2,229","24,304","11,739","4,481","420,128","4,765","3,093","18,419","4,034","11,444",919,"6,632","6,210","3,655","10,660","6,282","24,679","6,525","41,400","3,893","35,249"
Mar-04,"1,646,213","7,829","153,322","11,190","25,661","7,311","45,108","22,800","9,709","35,062","16,191","22,575",923,"7,433","9,485","22,051","6,305","15,816","6,001","7,567","15,830","12,270","31,561","61,070","4,519","50,164","34,258",945,"12,674","1,872","8,359","6,809","11,757","8,042","2,311","27,850","45,572","16,371","12,917","39,837","43,023","16,412","8,384","19,677","7,250","18,035","40,870","2,265","24,503","11,788","4,652","422,465","4,920","3,138","18,498","4,094","11,602",941,"6,636","6,213","3,658","10,774","6,389","24,915","6,577","41,643","3,969","35,595"
Apr-04,"1,655,202","7,863","154,233","11,307","25,838","7,202","45,729","22,790","9,835","35,358","15,985","22,613",917,"7,501","9,592","22,153","6,418","15,834","6,031","7,630","15,938","12,429","31,932","61,324","4,552","50,136","34,397",947,"12,623","1,881","8,221","6,830","11,826","8,035","2,356","28,228","45,866","16,491","13,022","40,247","43,340","16,610","8,389","19,803","7,286","18,322","41,209","2,282","24,675","11,979","4,629","423,912","4,996","3,160","18,617","4,110","11,619",930,"6,634","6,049","3,727","10,833","6,201","25,208","6,695","41,872","4,031","35,974"
May-04,"1,681,510","8,027","156,723","11,353","25,976","7,442","46,685","23,029","9,967","36,036","16,652","23,003",932,"7,469","9,750","22,574","6,433","16,015","6,091","7,704","16,085","12,832","32,647","62,343","4,533","51,079","34,753",954,"12,913","1,846","8,531","6,870","11,891","8,112","2,352","28,837","46,823","16,669","13,341","41,215","43,762","16,712","8,476","20,168","7,340","18,479","42,392","2,304","25,073","12,008","4,675","430,148","4,996","3,239","18,803","4,165","11,689",932,"6,649","6,317","3,732","10,900","6,448","25,339","6,787","42,419","4,043","37,028"
Jun-04,"1,675,709","7,959","155,981","11,311","26,059","7,212","47,056","22,866","9,998","35,851","16,143","22,767",939,"7,495","9,784","22,626","6,396","16,015","6,086","7,689","16,070","12,685","32,632","62,364","4,552","50,743","34,511",937,"12,715","1,888","8,306","6,847","11,737","8,135","2,379","28,353","46,737","16,695","13,385","41,315","43,794","16,667","8,473","19,869","7,404","18,286","42,368","2,282","25,108","11,976","4,724","428,329","5,006","3,342","18,728","4,151","11,734",927,"6,641","6,118","3,796","10,928","6,251","25,477","6,666","42,381","4,050","37,014"
Jul-04,"1,695,805","7,946","157,869","11,389","26,208","7,428","47,726","23,219","10,063","36,321","16,660","22,910",972,"7,532","9,853","23,076","6,452","16,131","6,087","7,715","16,136","12,877","32,928","62,897","4,593","51,468","34,644",968,"12,817","1,859","8,571","6,919","11,746","8,208","2,405","28,718","47,517","16,751","13,636","41,990","44,448","16,876","8,576","19,907","7,437","18,439","42,971","2,309","25,749","12,070","4,716","433,322","5,106","3,370","19,049","4,208","11,750",946,"6,691","6,328","3,801","10,936","6,515","25,735","6,701","42,858","4,049","37,737"
Aug-04,"1,713,023","8,045","159,473","11,546","26,377","7,513","48,381","23,371","10,166","36,668","16,734","23,057",982,"7,581","9,900","23,529","6,442","16,178","6,108","7,758","16,338","13,122","33,153","63,890","4,660","51,707","34,837",963,"13,149","1,876","8,589","6,967","11,766","8,182","2,459","29,164","48,390","16,892","13,912","42,339","45,007","17,002","8,573","20,180","7,457","18,544","43,622","2,360","26,034","12,236","4,718","437,764","5,149","3,393","19,221","4,194","11,882",937,"6,764","6,415","3,770","10,938","6,590","25,920","6,731","43,229","4,027","38,202"
Sep-04,"1,714,467","8,163","159,630","11,552","26,361","7,559","48,758","23,430","10,208","36,741","16,826","23,047",995,"7,563","9,868","23,654","6,407","16,337","6,164","7,730","16,288","13,123","33,262","64,138","4,665","51,535","34,861",973,"13,073","1,887","8,518","6,933","11,763","8,168","2,478","28,931","48,572","16,693","14,002","42,435","44,998","17,018","8,524","19,907","7,484","18,593","43,911","2,357","25,764","12,269","4,743","438,024","5,171","3,390","19,183","4,123","11,819",942,"6,853","6,506","3,822","10,866","6,572","25,914","6,785","43,070","4,050","38,518"
Oct-04,"1,730,171","8,205","160,904","11,593","26,694","7,462","49,800","23,578","10,322","37,178","16,370","23,198",979,"7,619","10,024","23,757","6,484","16,483","6,184","7,866","16,446","13,372","33,880","65,124","4,721","51,887","35,012",971,"13,300","1,881","8,384","6,974","11,970","8,197","2,545","29,193","49,380","16,839","14,235","43,365","45,424","17,150","8,601","20,105","7,494","18,916","44,400","2,376","26,296","12,383","4,761","441,208","5,268","3,423","19,284","4,110","11,828",945,"6,863","6,346","3,806","10,927","6,439","26,084","6,863","43,370","4,123","39,002"
Nov-04,"1,737,462","8,178","161,430","11,539","26,651","7,672","50,166","23,568","10,343","37,167","16,772","23,299",981,"7,644","10,077","23,889","6,446","16,442","6,133","7,987","16,437","13,392","34,039","65,186","4,704","51,886","34,971",963,"13,263","1,877","8,581","7,045","11,985","8,199","2,532","29,188","49,637","16,921","14,222","43,823","45,581","17,165","8,555","20,106","7,462","18,945","44,497","2,400","27,180","12,387","4,758","443,743","5,248","3,439","19,263","4,132","11,867",941,"6,806","6,481","3,790","10,959","6,610","26,274","6,911","43,344","4,197","39,186"
Dec-04,"1,737,227","8,149","161,828","11,453","26,592","7,614","50,231","23,583","10,280","37,167","16,690","23,185",958,"7,691","10,125","23,825","6,439","16,442","6,208","7,999","16,416","13,445","33,788","65,238","4,693","51,792","34,896",980,"13,169","1,889","8,504","7,093","11,952","8,168","2,492","29,241","49,602","16,817","14,378","44,039","45,668","17,131","8,589","20,104","7,518","19,008","44,463","2,395","27,220","12,350","4,737","443,574","5,207","3,426","19,276","4,100","11,765",936,"6,779","6,455","3,792","10,883","6,618","26,362","6,899","43,281","4,185","39,455"
Jan-05,"1,754,796","8,221","163,385","11,539","26,750","7,801","50,820","23,813","10,357","37,747","16,986","23,439",971,"7,806","10,216","24,365","6,457","16,597","6,281","8,105","16,519","13,795","34,424","66,008","4,739","52,275","35,363","1,002","13,655","1,897","8,628","7,161","12,107","8,272","2,501","29,864","50,581","16,910","14,434","44,595","46,119","17,304","8,587","20,579","7,594","19,284","45,146","2,431","27,601","12,414","4,775","445,218","5,237","3,434","19,709","4,175","11,844",902,"6,838","6,555","3,844","11,096","6,642","26,484","6,923","43,517","4,217","39,941"
Feb-05,"1,756,741","8,279","163,425","11,700","26,859","7,786","51,061","23,759","10,407","37,822","16,980","23,389",986,"7,838","10,273","24,581","6,477","16,548","6,396","8,179","16,608","13,746","34,476","66,172","4,792","52,440","35,479",988,"13,552","1,883","8,639","7,191","12,227","8,295","2,509","29,778","50,752","16,899","14,375","44,744","46,512","17,353","8,624","20,462","7,529","19,534","45,141","2,428","27,571","12,513","4,717","444,299","5,259","3,485","19,706","4,155","11,751",908,"6,790","6,536","3,870","11,086","6,625","26,506","6,862","43,821","4,222","40,186"
Mar-05,"1,767,771","8,348","164,500","11,716","26,995","7,747","51,502","23,852","10,479","38,055","17,160","23,374",959,"7,959","10,352","24,703","6,562","16,771","6,356","8,208","16,730","13,856","34,805","66,540","4,754","52,761","35,685",990,"13,592","1,901","8,668","7,198","12,327","8,334","2,582","30,068","51,346","16,895","14,480","44,978","46,979","17,452","8,704","20,622","7,569","19,825","45,504","2,438","27,714","12,600","4,761","446,343","5,353","3,502","19,813","4,194","11,850",911,"6,849","6,586","3,904","11,159","6,636","26,633","6,883","43,982","4,246","40,671"
Apr-05,"1,783,183","8,497","165,719","11,760","27,172","7,831","52,141","24,150","10,548","38,391","17,339","23,640",975,"8,092","10,411","25,085","6,614","16,797","6,351","8,267","16,790","14,100","35,557","66,990","4,837","53,090","35,729","1,005","13,661","1,974","8,767","7,185","12,389","8,406","2,580","30,281","51,968","16,953","14,682","45,578","47,391","17,636","8,740","20,848","7,689","20,154","46,046","2,472","27,435","12,633","4,817","450,007","5,339","3,448","20,095","4,192","11,909",923,"6,836","6,646","3,934","11,188","6,652","26,864","6,939","44,211","4,268","41,569"
May-05,"1,794,043","8,516","166,702","11,728","27,248","7,809","52,540","24,321","10,600","38,766","17,368","23,890",958,"8,105","10,506","25,286","6,651","16,794","6,428","8,427","16,814","14,291","35,693","67,569","4,891","53,443","35,767","1,002","13,811","1,965","8,745","7,231","12,460","8,418","2,570","30,741","52,327","16,991","14,824","46,058","47,709","17,768","8,672","21,260","7,818","20,179","46,235","2,459","27,731","12,752","4,836","451,855","5,302","3,475","20,106","4,223","11,885",948,"6,837","6,617","3,994","11,294","6,595","26,981","7,028","44,576","4,244","42,410"
Jun-05,"1,786,685","8,511","166,176","11,792","27,197","7,765","52,337","24,092","10,621","38,638","17,329","23,801",970,"8,030","10,481","25,247","6,635","16,696","6,454","8,361","16,803","14,093","35,486","67,520","4,879","53,081","35,768",986,"13,606","1,961","8,638","7,211","12,413","8,410","2,622","30,274","52,082","16,908","14,785","45,858","47,958","17,616","8,679","20,984","7,822","20,107","45,953","2,446","28,009","12,745","4,815","449,115","5,336","3,504","19,936","4,221","11,848",940,"6,836","6,574","3,939","11,280","6,590","26,952","7,011","44,383","4,233","42,336"
Jul-05,"1,791,598","8,510","166,468","11,775","27,225","7,591","52,913","24,094","10,696","38,653","16,887","23,723",991,"8,003","10,545","25,599","6,632","16,814","6,446","8,380","16,863","14,328","35,874","67,777","4,905","53,142","35,763",969,"13,715","1,939","8,452","7,207","12,353","8,492","2,611","30,244","52,282","16,977","14,896","46,179","48,085","17,700","8,714","20,967","7,867","20,122","46,449","2,465","28,488","12,777","4,912","449,638","5,350","3,482","20,017","4,272","11,903",945,"6,778","6,401","3,979","11,258","6,550","27,169","6,982","44,577","4,174","42,664"
Aug-05,"1,805,225","8,579","167,264","11,897","27,488","7,744","53,653","24,212","10,613","38,946","17,412","23,813","1,004","8,008","10,553","25,826","6,617","16,790","6,481","8,507","17,074","14,353","36,138","68,394","4,927","53,395","35,940","1,002","13,721","1,957","8,623","7,310","12,394","8,607","2,648","30,632","52,775","17,012","14,946","46,357","48,064","17,878","8,707","20,995","7,870","20,100","46,803","2,468","29,150","12,849","4,898","453,299","5,349","3,524","20,244","4,276","11,863",974,"6,801","6,607","3,995","11,283","6,772","27,372","6,945","44,870","4,218","43,439"
Sep-05,"1,805,502","8,528","167,687","11,886","27,475","7,756","53,871","24,282","10,637","39,131","17,451","23,730","1,009","7,926","10,465","25,835","6,544","16,762","6,483","8,504","16,796","14,395","36,049","68,361","4,940","53,415","36,108","1,015","13,720","1,977","8,676","7,285","12,289","8,640","2,612","30,598","52,913","17,092","15,018","46,447","48,334","17,837","8,755","20,971","7,947","19,887","46,683","2,502","29,121","12,876","4,840","452,458","5,369","3,507","20,304","4,322","11,843",959,"6,760","6,576","4,036","11,272","6,748","27,421","6,976","45,037","4,229","43,624"
Oct-05,"1,821,871","8,535","169,399","11,835","27,628","7,851","54,459","24,484","10,734","39,552","17,642","24,003","1,016","8,024","10,505","26,131","6,567","16,778","6,568","8,604","16,804","14,673","36,795","69,237","4,920","53,831","36,176",986,"13,897","1,979","8,723","7,304","12,444","8,719","2,657","31,054","53,451","17,254","15,088","47,282","48,619","17,921","8,790","21,462","7,976","19,868","47,037","2,521","29,193","12,903","4,899","457,109","5,441","3,480","20,437","4,344","11,917","1,004","6,698","6,584","3,975","11,268","6,731","27,517","6,992","45,090","4,219","44,287"
Nov-05,"1,814,104","8,633","168,477","11,824","27,625","7,944","54,539","24,250","10,701","39,167","17,584","24,261","1,013","7,968","10,572","26,214","6,568","16,786","6,506","8,590","16,703","14,561","36,914","69,058","4,886","53,338","35,598",962,"13,853","1,989","8,788","7,233","12,338","8,667","2,648","30,677","53,655","17,225","15,246","47,187","48,618","17,930","8,760","21,058","7,967","19,799","46,704","2,490","29,131","12,983","4,907","454,470","5,382","3,419","20,358","4,356","11,794",995,"6,687","6,564","3,874","11,150","6,756","27,342","7,002","44,728","4,159","43,973"
Dec-05,"1,822,722","8,755","168,765","11,892","27,648","8,073","54,897","24,229","10,664","39,385","17,685","24,557","1,026","7,964","10,643","26,889","6,643","16,714","6,506","8,593","16,781","14,970","37,529","69,121","4,899","53,279","35,520",997,"14,107","1,980","8,886","7,235","12,196","8,658","2,704","30,807","54,720","17,232","15,530","47,550","48,689","17,761","8,829","21,333","7,934","19,848","46,598","2,488","29,324","13,230","4,973","454,736","5,394","3,429","20,550","4,389","11,774",988,"6,679","6,541","3,876","11,211","6,772","27,843","7,036","45,686","4,191","44,391"
Jan-06,"1,832,035","8,740","171,813","11,886","27,679","8,048","55,287","24,204","10,725","39,746","17,691","24,401","1,034","8,005","10,622","27,225","6,632","16,792","6,537","8,630","17,029","15,342","37,415","69,057","4,858","53,222","35,655",980,"14,319","1,989","8,895","7,259","12,221","8,685","2,663","31,345","55,182","17,221","15,612","47,998","48,837","17,900","8,854","21,837","7,943","19,896","46,702","2,457","29,501","13,470","5,039","453,755","5,465","3,450","20,798","4,377","11,765","1,019","6,685","6,597","3,889","11,300","6,785","28,320","7,033","46,472","4,255","44,990"
Feb-06,"1,830,889","8,805","172,160","11,913","27,683","8,099","55,986","24,091","10,697","39,861","17,597","24,290","1,033","8,042","10,659","27,141","6,630","16,723","6,556","8,669","17,248","15,231","37,322","69,761","4,837","53,250","35,573",974,"14,332","2,017","8,819","7,259","12,234","8,618","2,611","30,897","54,864","17,070","15,679","47,817","48,929","17,825","8,818","21,700","7,906","19,819","47,045","2,445","29,326","13,446","5,081","452,085","5,478","3,396","20,722","4,346","11,731","1,006","6,719","6,613","3,891","11,341","6,783","28,338","7,115","46,471","4,190","45,276"
Mar-06,"1,853,985","8,733","173,922","12,046","27,984","8,072","56,853","24,337","10,690","40,972","17,966","24,532","1,018","8,034","10,701","27,592","6,637","16,834","6,550","8,846","17,291","15,473","38,078","71,007","4,816","53,561","35,869",958,"14,563","2,029","8,972","7,312","12,395","8,682","2,688","31,222","55,407","17,304","15,658","48,199","49,231","18,104","8,845","21,946","7,929","19,985","47,834","2,450","29,400","13,521","5,034","460,670","5,577","3,400","21,019","4,393","11,868","1,028","6,701","6,660","3,962","11,254","6,729","28,451","7,204","46,991","4,223","45,773"
Apr-06,"1,871,778","8,845","174,055","12,217","28,576","8,233","57,455","25,055","10,709","41,305","18,526","24,704","1,045","8,304","11,118","27,632","6,644","16,676","6,695","9,088","17,435","15,891","38,734","71,044","4,851","53,824","36,747",940,"14,613","2,105","9,222","7,529","12,657","8,709","2,722","31,266","55,989","17,794","15,979","49,964","50,481","18,511","8,807","21,985","8,254","20,707","48,604","2,529","29,505","13,541","5,074","462,373","5,622","3,451","21,513","4,525","12,297","1,006","6,630","6,621","4,044","11,235","6,730","28,622","7,188","46,780","4,258","45,988"
May-06,"1,878,145","8,758","174,138","12,292","28,543","8,224","57,552","25,118","10,915","41,429","18,586","24,636","1,075","8,317","11,318","27,615","6,879","17,043","6,724","9,177","17,397","15,991","38,706","71,187","5,018","55,868","37,109","1,021","14,650","2,136","9,190","7,589","12,552","9,047","2,712","31,774","55,918","17,811","15,750","50,695","50,955","18,438","9,145","21,952","8,311","20,797","48,669","2,584","29,915","13,627","5,130","460,877","5,698","3,516","21,421","4,516","12,069","1,042","6,827","6,861","4,053","11,506","6,977","28,536","7,279","46,591","4,372","46,021"
Jun-06,"1,877,364","8,672","174,615","12,223","28,531","8,095","56,617","25,039","11,033","41,246","18,465","24,641","1,106","8,238","11,325","27,608","6,885","17,145","6,690","9,031","17,328","16,126","38,669","71,145","4,977","56,052","36,606",997,"14,522","2,074","9,224","7,554","12,584","9,210","2,769","32,430","56,008","17,671","15,741","51,036","50,900","18,330","9,139","21,956","8,268","20,641","48,690","2,462","30,023","13,637","5,112","459,849","5,880","3,568","21,455","4,597","12,153","1,070","6,845","6,955","4,089","11,650","6,970","28,540","7,494","46,698","4,374","46,091"
Jul-06,"1,880,983","8,636","175,035","12,159","28,413","8,043","57,851","25,144","11,107","41,332","18,478","24,608","1,090","8,375","11,329","27,556","6,845","17,265","6,703","9,065","17,402","16,297","39,008","70,393","5,023","55,817","36,685","1,008","14,400","2,085","9,133","7,554","12,587","9,221","2,783","32,596","56,377","17,561","15,859","51,064","51,173","18,566","8,987","22,088","8,279","20,531","48,889","2,489","30,611","13,805","5,036","460,489","5,719","3,574","21,510","4,618","12,047","1,017","6,723","6,969","4,139","11,519","7,061","28,462","7,512","46,740","4,271","46,272"
Aug-06,"1,893,364","8,548","176,255","12,130","28,651","8,047","59,022","25,230","11,125","41,556","18,546","24,708","1,136","8,427","11,431","27,512","6,913","17,162","6,800","9,235","17,480","16,320","39,177","70,628","5,011","56,285","36,843","1,004","14,513","2,080","9,012","7,593","12,593","9,138","2,749","32,969","57,228","17,672","16,059","51,317","51,821","18,700","9,147","22,250","8,409","20,567","48,994","2,506","31,471","13,999","4,981","462,989","5,749","3,583","21,659","4,626","11,873","1,001","6,928","6,812","4,208","11,543","7,022","28,715","7,659","46,838","4,290","46,919"
Sep-06,"1,888,814","8,551","175,649","12,084","28,706","8,059","59,390","25,144","11,001","41,389","18,377","24,503","1,107","8,392","11,319","27,422","6,889","17,055","6,732","9,160","17,356","16,093","39,071","70,572","5,061","56,097","36,492","1,019","14,460","2,134","9,079","7,489","12,601","9,062","2,740","32,934","57,083","17,639","16,068","51,239","52,013","18,598","9,131","21,898","8,456","20,383","49,234","2,452","31,358","13,951","5,047","462,293","5,726","3,603","21,629","4,620","11,952",994,"6,936","6,778","4,145","11,594","7,051","28,719","7,584","46,657","4,283","46,511"
Oct-06,"1,891,539","8,580","175,772","12,194","28,578","7,963","60,211","25,175","11,057","41,485","18,447","24,505","1,081","8,399","11,330","27,435","6,848","17,100","6,838","9,174","17,309","16,114","39,306","71,099","5,026","56,017","36,296","1,024","14,471","2,064","9,129","7,547","12,549","9,061","2,782","33,282","56,797","17,766","15,962","51,422","51,878","18,581","9,135","22,160","8,337","20,099","49,433","2,473","31,072","13,906","5,032","463,885","5,755","3,544","21,697","4,632","11,975",968,"6,791","6,759","4,174","11,556","6,994","28,543","7,522","46,730","4,318","46,395"
Nov-06,"1,874,432","8,488","174,688","12,084","28,499","7,830","59,696","24,891","10,916","41,220","18,284","24,485","1,075","8,255","11,191","27,227","6,803","16,750","6,659","9,148","17,061","15,725","38,964","70,394","4,956","55,563","35,601",993,"14,132","2,065","8,973","7,407","12,395","8,910","2,755","32,789","55,603","17,501","15,830","51,079","51,622","18,607","9,014","21,986","8,332","19,902","49,036","2,445","30,322","13,727","4,984","461,344","5,608","3,492","21,627","4,581","11,825",967,"6,808","6,631","4,122","11,353","6,888","28,302","7,452","46,101","4,257","46,212"
Dec-06,"1,871,952","8,415","174,759","12,011","28,326","7,910","59,609","24,686","10,822","40,970","18,149","24,406","1,072","8,228","11,144","27,711","6,760","16,612","6,644","9,126","16,938","15,815","38,533","70,080","4,964","55,385","35,537",995,"14,197","2,062","8,955","7,362","12,356","8,819","2,704","32,809","55,626","17,507","15,673","51,855","51,868","18,389","8,870","21,827","8,216","19,941","49,427","2,499","30,142","13,692","4,906","459,942","5,688","3,544","21,565","4,526","11,680","1,001","6,797","6,571","4,157","11,346","6,868","28,297","7,491","46,115","4,307","46,748"
Jan-07,"1,873,546","8,333","174,667","12,050","28,248","7,775","60,302","24,665","10,924","41,174","18,163","24,515","1,081","8,182","11,162","27,696","6,756","16,734","6,721","9,187","17,114","15,804","38,283","70,101","4,937","55,490","35,592",991,"14,238","2,092","9,159","7,456","12,422","8,855","2,745","33,143","55,747","17,554","15,663","52,284","51,739","18,291","8,927","21,983","8,248","20,234","49,106","2,454","30,697","13,716","4,933","458,496","5,691","3,525","21,612","4,540","11,597","1,014","6,683","6,599","4,216","11,325","6,893","28,291","7,429","46,176","4,307","46,819"
Feb-07,"1,868,867","8,483","174,210","11,958","28,165","7,773","60,146","24,665","10,947","41,091","18,159","24,554","1,100","8,099","11,167","27,917","6,667","16,819","6,691","8,981","16,983","15,549","38,158","69,931","4,973","55,493","35,293","1,009","14,220","2,049","9,017","7,443","12,357","8,795","2,731","32,931","55,167","17,413","15,602","52,513","51,688","18,352","8,847","22,004","8,274","20,474","48,703","2,463","31,124","13,535","4,953","456,842","5,726","3,546","21,511","4,611","11,701",988,"6,686","6,583","4,205","11,126","6,972","28,386","7,375","46,279","4,310","46,384"
Mar-07,"1,893,569","8,586","177,408","12,154","28,527","7,859","60,893","24,950","11,173","41,552","18,302","24,832","1,104","8,305","11,253","28,257","6,784","16,977","6,842","9,058","17,049","15,802","38,950","70,903","5,020","55,671","35,687","1,013","14,557","2,084","8,961","7,533","12,562","9,000","2,828","33,821","55,701","17,656","15,981","53,853","52,759","18,540","9,020","22,129","8,337","21,024","49,477","2,522","31,744","13,883","4,995","460,228","5,799","3,547","22,007","4,639","11,723",980,"6,805","6,616","4,258","11,426","7,023","28,920","7,400","46,993","4,372","46,955"
Apr-07,"1,892,051","8,531","176,983","12,128","28,281","7,930","61,258","24,889","11,255","41,458","18,338","24,956","1,121","8,384","11,369","27,934","6,730","16,754","6,794","9,024","17,218","15,737","39,062","70,798","4,977","55,700","35,613","1,013","14,614","2,083","9,017","7,501","12,498","9,009","2,830","33,674","54,974","17,472","16,034","54,007","52,608","18,590","9,011","22,085","8,274","21,148","49,752","2,495","31,781","13,798","4,978","460,432","5,811","3,522","21,902","4,642","11,767",974,"6,808","6,617","4,308","11,439","6,954","28,763","7,454","47,032","4,373","46,785"
May-07,"1,886,836","8,631","176,323","12,033","28,479","7,933","61,370","24,942","11,199","41,373","18,227","24,826","1,056","8,296","11,301","27,767","6,660","16,682","6,795","9,033","17,009","15,597","38,655","70,232","4,987","55,171","35,845","1,018","14,506","2,087","8,871","7,474","12,390","8,951","2,787","33,387","54,561","17,362","15,744","54,185","52,455","18,739","8,913","21,996","8,239","21,124","50,191","2,453","31,859","13,825","5,053","460,275","5,684","3,521","21,774","4,594","11,700",987,"6,720","6,601","4,320","11,377","6,779","28,711","7,566","47,057","4,396","46,182"
Jun-07,"1,887,649","8,600","176,585","12,067","28,517","7,935","61,437","24,870","11,146","41,222","18,166","24,687","1,076","8,274","11,177","27,941","6,617","16,676","6,711","9,059","17,060","15,920","38,865","70,152","5,008","55,259","35,599","1,014","14,324","2,050","8,913","7,442","12,318","9,067","2,764","33,527","54,436","17,222","15,740","54,045","52,135","18,716","8,827","21,966","8,150","21,350","50,859","2,467","31,852","13,998","5,002","461,131","5,667","3,452","21,670","4,640","11,621",985,"6,702","6,508","4,275","11,273","6,801","28,968","7,486","46,895","4,362","46,403"
Jul-07,"1,895,525","8,650","176,705","12,099","28,365","7,975","61,719","24,935","11,148","41,163","18,176","24,447","1,063","8,234","11,316","28,198","6,652","16,868","6,628","9,004","17,026","15,872","38,986","70,767","4,989","55,170","35,701",984,"14,429","2,043","8,966","7,360","12,256","9,035","2,720","33,673","54,995","17,419","15,848","54,014","52,539","18,658","8,770","22,154","8,222","21,500","51,171","2,517","31,995","13,970","5,142","465,159","5,652","3,431","21,851","4,669","11,608",969,"6,731","6,482","4,319","11,317","6,711","29,234","7,478","46,852","4,430","46,396"
Aug-07,"1,902,307","8,701","178,439","12,076","28,346","7,909","61,933","25,115","11,213","41,157","18,237","24,540","1,100","8,151","11,387","28,079","6,770","17,042","6,712","9,147","17,094","15,812","39,345","70,985","5,052","56,093","35,772",963,"14,470","2,049","9,023","7,512","12,241","9,014","2,724","33,806","55,008","17,590","16,006","54,282","52,980","18,783","8,970","22,310","8,343","21,550","51,130","2,500","31,857","13,854","5,103","465,537","5,706","3,435","22,025","4,723","11,653",944,"6,691","6,441","4,265","11,284","6,788","29,200","7,474","47,281","4,428","46,157"
Sep-07,"1,909,992","8,680","179,218","12,089","28,480","7,983","62,066","25,174","11,171","41,684","18,221","24,590","1,132","8,262","11,474","28,360","6,691","17,032","6,771","9,044","17,046","16,100","38,921","71,241","5,066","56,789","35,800",961,"14,667","2,028","9,007","7,508","12,261","9,067","2,781","34,055","55,369","17,438","16,141","54,624","53,202","18,855","8,947","22,435","8,325","21,820","51,370","2,478","31,929","13,964","5,044","467,288","5,825","3,412","22,195","4,742","11,590",970,"6,631","6,457","4,319","11,250","6,799","29,459","7,352","47,718","4,431","46,193"
Oct-07,"1,909,492","8,710","179,719","12,007","28,633","8,000","62,144","25,199","11,099","41,893","18,075","24,661","1,121","8,230","11,466","28,265","6,657","16,926","6,791","9,032","17,261","16,054","38,783","71,198","4,984","56,441","35,749",983,"14,705","2,033","8,877","7,525","12,309","9,032","2,800","33,945","55,168","17,414","16,127","54,496","53,148","18,759","8,802","22,478","8,411","21,851","51,406","2,522","32,090","13,881","5,079","466,461","5,699","3,429","22,187","4,773","11,606",971,"6,661","6,461","4,292","11,262","6,748","29,430","7,466","47,684","4,465","46,958"
Nov-07,"1,890,567","8,664","177,095","11,966","28,258","7,896","61,357","24,879","10,877","41,829","17,949","24,407","1,139","8,189","11,273","28,301","6,587","16,757","6,670","8,918","16,986","15,956","38,429","70,557","4,971","55,637","35,069",957,"14,470","2,065","8,954","7,521","12,205","9,003","2,775","33,878","54,620","17,228","15,726","53,885","52,807","18,556","8,778","22,191","8,309","21,511","50,991","2,492","31,934","13,888","4,979","461,864","5,576","3,431","22,188","4,634","11,531",961,"6,640","6,359","4,336","10,990","6,631","29,263","7,451","46,896","4,382","47,095"
Dec-07,"1,893,949","8,589","176,864","11,938","28,100","7,863","61,906","24,738","10,974","41,855","18,050","24,622","1,100","8,213","11,177","28,274","6,559","16,813","6,785","9,064","16,891","16,048","38,988","70,996","4,982","55,377","35,505",958,"14,399","2,099","8,958","7,447","12,251","9,000","2,795","34,068","55,060","17,016","15,875","53,455","52,911","18,684","8,768","22,269","8,305","21,622","51,182","2,490","31,971","13,919","5,048","461,451","5,641","3,470","22,427","4,692","11,551",958,"6,591","6,361","4,327","10,967","6,697","29,243","7,520","47,406","4,375","47,451"
Jan-08,"1,894,194","8,629","176,689","11,848","27,996","7,791","61,731","25,041","10,852","42,030","17,933","24,734","1,077","8,252","11,146","28,531","6,495","16,677","6,741","9,055","17,073","16,029","38,729","71,251","5,097","55,828","35,529",988,"14,403","2,107","8,851","7,415","12,347","9,027","2,838","34,120","54,752","17,106","15,962","53,361","53,310","18,650","8,747","22,138","8,355","21,663","51,188","2,476","31,690","13,906","5,006","461,080","5,690","3,505","22,444","4,742","11,549",965,"6,608","6,433","4,372","10,978","6,721","29,177","7,565","47,309","4,374","47,492"
Feb-08,"1,898,153","8,602","177,016","11,827","27,986","7,829","61,312","24,907","10,833","41,982","18,136","24,668","1,127","8,299","11,114","28,575","6,632","16,902","6,723","9,155","17,019","16,105","38,530","75,129","5,077","55,913","35,533",975,"14,391","2,098","8,889","7,476","12,227","9,151","2,811","34,005","54,687","17,092","15,980","53,704","53,602","18,681","8,689","22,244","8,335","21,546","51,313","2,423","31,894","13,993","5,078","460,111","5,733","3,452","22,361","4,786","11,473",987,"6,565","6,450","4,358","10,897","6,644","29,313","7,525","47,520","4,418","47,345"
Mar-08,"1,936,114","8,696","178,426","12,096","28,191","8,066","62,064","25,281","10,993","42,759","18,566","24,970","1,151","8,577","11,372","29,210","6,714","17,132","6,893","9,338","17,112","16,399","39,600","83,205","5,138","56,540","36,140",965,"14,969","2,150","8,930","7,515","12,604","9,281","2,915","34,723","55,535","17,334","16,510","54,873","54,600","19,133","8,905","22,622","8,470","22,071","52,875","2,487","32,572","14,284","5,151","466,412","5,938","3,407","22,893","4,911","11,605",967,"6,673","6,542","4,430","11,104","6,652","29,998","7,738","48,008","4,527","48,206"
Apr-08,"1,946,605","8,729","179,039","12,178","28,472","8,025","61,984","25,072","11,073","43,382","18,564","25,019","1,136","8,522","11,379","29,377","6,740","17,211","7,037","9,459","17,264","16,356","39,424","87,699","5,079","56,718","35,938",977,"14,969","2,172","8,892","7,513","12,747","9,277","2,953","34,624","55,494","17,390","16,485","55,047","54,770","19,220","8,927","22,500","8,633","22,365","53,495","2,464","32,765","14,382","5,157","467,605","5,931","3,501","22,923","4,862","11,705",959,"6,608","6,478","4,522","11,063","6,782","30,052","7,762","48,416","4,552","48,790"
May-08,"1,955,604","8,877","179,462","12,195","28,538","8,035","61,911","25,103","10,992","43,610","18,740","25,238","1,136","8,530","11,324","29,643","6,708","17,316","6,959","9,369","17,333","16,719","39,487","91,153","5,144","56,736","35,647","1,006","15,157","2,198","8,933","7,594","12,663","9,347","2,987","35,091","56,156","17,395","16,491","54,895","55,248","19,178","8,813","22,404","8,550","22,356","54,208","2,699","32,798","14,199","5,170","469,270","5,949","3,364","23,051","4,967","11,685",957,"6,583","6,610","4,474","11,158","6,743","29,857","7,721","48,657","4,487","48,630"
Jun-08,"1,952,383","8,898","178,909","12,191","28,473","7,951","61,940","25,222","10,919","43,428","18,736","25,293","1,139","8,515","11,280","29,484","6,714","17,220","6,967","9,242","17,225","16,676","39,449","91,560","5,166","56,715","35,679",998,"15,095","2,173","8,913","7,515","12,719","9,286","2,987","35,079","56,403","17,302","16,474","54,856","54,826","19,275","8,809","22,515","8,479","22,200","54,408","2,685","32,655","14,272","5,078","468,492","5,934","3,335","22,857","4,959","11,640",943,"6,570","6,568","4,478","11,152","6,604","29,666","7,622","48,725","4,487","48,358"
Jul-08,"1,956,781","8,948","179,331","12,099","28,565","7,938","62,153","25,140","10,958","43,914","18,631","25,129","1,177","8,406","11,213","29,657","6,705","17,300","6,906","9,242","17,316","16,482","39,278","93,321","5,151","56,701","35,820",996,"15,113","2,185","9,021","7,522","12,685","9,266","2,982","35,001","56,154","17,353","16,672","54,499","54,785","19,412","8,706","22,468","8,622","22,245","54,546","2,667","32,371","14,210","5,128","470,332","6,037","3,356","23,017","5,104","11,671",940,"6,575","6,585","4,500","11,112","6,593","29,329","7,610","48,926","4,497","48,507"
Aug-08,"1,972,850","9,032","180,296","12,177","28,512","8,003","62,756","25,124","11,084","44,453","18,888","25,077","1,192","8,513","11,290","29,876","6,826","17,515","6,904","9,264","17,393","16,522","39,687","95,669","5,219","57,448","35,672",985,"15,285","2,275","8,892","7,571","12,712","9,292","3,005","35,247","56,593","17,429","16,769","55,040","55,603","19,509","8,706","22,488","8,694","22,298","54,615","2,671","32,995","14,355","5,052","474,009","6,076","3,376","23,341","5,034","11,629",958,"6,619","6,605","4,518","11,115","6,641","29,591","7,676","49,127","4,534","49,528"
Sep-08,"1,956,944","9,225","180,993","12,278","28,407","8,031","63,176","25,116","11,066","44,704","18,734","24,959","1,188","8,671","11,335","29,822","6,729","17,438","6,883","9,305","17,450","16,683","40,063","73,544","5,294","57,624","35,767",942,"15,567","2,284","8,790","7,532","12,689","9,294","2,987","35,669","57,107","17,426","16,706","55,301","55,821","19,731","8,742","22,784","8,824","22,619","54,693","2,686","33,106","14,460","5,075","474,239","6,093","3,356","23,531","5,074","11,649",984,"6,500","6,592","4,561","11,077","6,789","29,406","7,757","49,446","4,625","49,945"
Oct-08,"1,966,723","9,305","182,398","12,246","28,679","8,082","63,566","25,222","11,178","45,007","18,903","25,000","1,239","8,768","11,393","29,930","6,890","17,696","7,010","9,326","17,727","17,004","40,161","74,065","5,283","58,224","35,743",940,"15,689","2,233","8,803","7,590","12,758","9,456","3,010","35,591","57,324","17,570","17,062","55,329","56,053","19,676","8,736","22,981","8,766","22,881","55,572","2,640","33,317","14,546","5,076","474,012","6,243","3,378","23,768","5,135","11,720",989,"6,605","6,589","4,454","11,044","6,764","29,672","7,867","50,057","4,673","50,109"
Nov-08,"1,974,101","9,335","182,534","12,174","28,604","8,104","63,578","25,202","11,223","45,613","18,955","24,897","1,205","8,841","11,302","30,033","6,947","17,627","7,033","9,365","17,774","16,996","40,820","74,353","5,307","58,162","35,669",968,"15,972","2,233","8,817","7,657","12,822","9,295","3,027","35,727","57,820","17,569","17,105","55,739","56,332","19,638","8,820","22,936","8,732","23,217","56,711","2,603","33,868","14,721","5,121","475,682","6,282","3,305","23,889","5,143","11,630",984,"6,578","6,524","4,477","11,118","6,674","29,759","7,855","49,983","4,674","50,441"
Dec-08,"1,980,900","9,399","182,559","12,183","28,543","8,181","64,043","25,179","11,194","45,738","19,019","24,747","1,188","8,792","11,427","30,141","6,895","17,483","6,954","9,272","17,826","17,290","41,070","74,385","5,285","58,708","35,824",986,"16,106","2,258","8,815","7,669","12,748","9,455","2,974","35,837","58,442","17,712","17,297","55,452","56,579","19,605","8,816","22,994","8,803","23,337","57,502","2,605","33,490","14,971","5,079","478,480","6,249","3,306","24,053","5,078","11,640",964,"6,506","6,491","4,474","11,045","6,668","29,485","7,763","50,246","4,663","50,932"
Jan-09,"1,992,548","9,453","182,502","12,228","28,836","8,241","64,669","25,405","11,376","46,172","19,102","24,847","1,167","8,903","11,604","30,337","6,994","17,616","7,038","9,498","17,954","17,665","41,229","75,022","5,272","58,439","36,087","1,009","16,349","2,343","8,850","7,654","12,819","9,442","3,066","36,138","59,118","17,745","17,701","55,539","57,123","19,617","8,949","22,973","8,877","23,809","58,707","2,609","33,783","15,033","5,110","478,885","6,389","3,354","24,547","5,117","11,658",977,"6,770","6,604","4,534","11,171","6,766","29,526","8,011","50,521","4,664","51,035"
Feb-09,"2,008,216","9,558","184,232","12,335","29,051","8,296","65,320","25,501","11,569","47,138","19,287","25,176","1,185","9,041","11,613","30,876","7,014","17,744","7,177","9,564","17,916","17,965","41,270","75,429","5,302","58,994","36,180","1,003","16,547","2,376","8,833","7,798","12,946","9,470","3,092","36,353","59,667","17,877","17,805","55,902","57,751","19,616","9,092","23,120","8,917","24,245","59,739","2,625","34,187","15,221","5,185","480,299","6,528","3,380","24,533","5,180","11,759","1,012","6,702","6,685","4,647","11,168","6,836","29,860","8,020","51,065","4,688","51,754"
Mar-09,"2,028,669","9,735","186,520","12,515","29,132","8,429","66,358","25,764","11,660","47,805","19,565","25,528","1,210","9,180","11,625","31,420","7,091","17,926","7,083","9,640","18,151","18,097","41,816","75,811","5,380","60,025","36,362",974,"16,845","2,421","8,839","7,856","12,954","9,476","3,166","36,734","60,620","18,123","17,870","56,586","58,030","19,888","9,131","23,584","8,972","24,692","60,199","2,657","34,843","15,332","5,210","483,789","6,673","3,445","24,802","5,173","11,923","1,039","6,776","6,779","4,606","11,245","6,894","30,157","8,117","51,564","4,671","52,186"
Apr-09,"2,027,916","9,786","186,292","12,550","29,219","8,431","66,882","25,660","11,817","48,062","19,516","25,319","1,199","9,126","11,649","31,660","7,016","17,749","7,017","9,679","18,166","18,187","41,575","75,869","5,440","60,124","35,777",979,"16,766","2,426","8,920","7,820","12,900","9,512","3,158","36,708","60,685","18,054","17,904","56,611","58,043","19,923","9,103","23,288","8,998","24,943","60,646","2,673","34,993","15,204","5,262","482,721","6,622","3,510","24,762","5,220","11,965","1,014","6,789","6,791","4,644","11,263","6,881","29,929","8,101","51,302","4,663","52,453"
May-09,"2,036,698","9,807","186,539","12,506","29,267","8,460","67,268","25,548","11,842","48,485","19,588","25,455","1,210","9,223","11,566","31,903","6,920","17,897","7,065","9,741","18,164","18,492","41,621","76,638","5,445","60,302","35,875",992,"17,035","2,470","8,845","7,873","12,864","9,566","3,162","36,869","61,308","18,116","18,069","56,537","58,262","20,045","9,223","23,259","9,042","25,203","61,463","2,675","35,108","15,185","5,338","484,743","6,594","3,521","24,905","5,247","11,961","1,062","6,766","6,738","4,626","11,385","6,882","29,922","8,143","51,572","4,738","52,557"
Jun-09,"2,044,830","9,910","187,492","12,570","29,261","8,333","67,006","25,553","11,747","48,984","19,651","25,411","1,216","9,214","11,663","32,196","7,010","17,960","7,093","9,667","18,181","18,518","41,812","77,281","5,503","60,651","35,768","1,017","17,240","2,471","8,857","7,917","13,097","9,554","3,104","37,115","61,946","18,175","18,064","56,579","58,464","20,075","9,215","23,569","9,070","25,360","62,367","2,644","35,153","15,218","5,372","486,271","6,745","3,470","25,152","5,173","11,926","1,053","6,771","6,709","4,669","11,352","6,900","29,927","8,235","51,692","4,740","52,751"
Jul-09,"2,050,155","9,983","187,875","12,496","29,356","8,381","67,039","25,628","11,690","49,221","19,705","25,456","1,241","9,209","11,729","32,443","7,029","18,039","7,068","9,617","18,402","18,511","41,931","77,697","5,531","60,419","35,873","1,022","17,176","2,490","8,789","7,894","13,125","9,569","3,117","37,197","62,359","18,273","18,310","56,392","58,387","20,154","9,143","23,466","9,164","25,754","63,260","2,660","35,333","15,259","5,343","486,959","6,714","3,427","25,190","5,338","11,999","1,037","6,718","6,683","4,651","11,341","6,860","29,883","8,150","52,035","4,757","53,208"
Aug-09,"2,077,953","10,141","189,963","12,696","29,651","8,471","68,302","25,769","11,757","50,041","19,993","25,736","1,264","9,336","11,779","32,771","7,074","18,317","7,143","9,734","18,475","18,726","42,736","79,283","5,636","61,512","36,381","1,030","17,640","2,528","8,896","8,000","13,217","9,739","3,151","37,679","63,242","18,469","18,605","56,934","59,222","20,430","9,378","23,965","9,292","25,815","64,329","2,701","35,896","15,513","5,505","492,861","6,726","3,399","25,512","5,397","12,001","1,060","6,863","6,777","4,884","11,564","6,965","30,282","8,278","52,699","4,770","54,052"
Sep-09,"2,081,245","10,258","189,233","12,803","29,576","8,544","68,671","25,747","11,764","50,435","20,020","25,767","1,256","9,382","11,773","32,710","7,042","18,246","7,145","9,825","18,529","18,913","42,984","79,343","5,637","61,638","36,385","1,044","17,660","2,530","8,840","7,973","13,268","9,777","3,233","37,613","63,753","18,468","18,613","57,146","59,204","20,347","9,411","23,791","9,260","25,969","64,623","2,688","35,919","15,503","5,508","493,624","6,781","3,446","25,761","5,355","11,967","1,018","6,872","6,751","4,834","11,607","7,092","30,306","8,184","52,925","4,723","54,232"
Oct-09,"2,102,190","10,370","191,662","12,803","29,888","8,468","69,539","26,081","12,041","51,000","20,151","25,943","1,266","9,486","11,768","32,750","7,166","18,194","7,271","9,828","18,819","19,267","43,437","80,376","5,676","62,013","36,649","1,022","17,898","2,559","8,833","8,032","13,396","9,879","3,280","37,813","64,895","18,624","18,834","57,745","59,586","20,493","9,475","23,925","9,432","26,501","65,912","2,688","36,258","15,662","5,560","497,699","6,938","3,448","25,982","5,425","12,086","1,009","6,917","6,843","4,823","11,636","7,098","30,527","8,238","53,267","4,756","55,284"
Nov-09,"2,097,196","10,254","191,997","12,748","29,738","8,470","69,118","25,961","11,869","50,868","20,107","25,849","1,213","9,400","11,774","32,556","7,096","18,019","7,158","9,804","18,586","19,329","43,369","80,394","5,600","61,866","36,233","1,007","17,794","2,541","8,747","8,152","13,281","9,817","3,319","37,721","64,923","18,533","18,579","57,531","59,030","20,397","9,539","23,702","9,318","26,293","66,491","2,654","36,188","15,711","5,564","498,170","6,905","3,456","25,906","5,388","11,898","1,011","6,848","6,888","4,736","11,713","6,952","30,274","8,111","52,751","4,825","55,156"
Dec-09,"2,089,716","10,267","191,280","12,637","29,663","8,471","69,697","25,832","11,573","50,996","19,992","25,622","1,241","9,303","11,664","32,366","7,074","17,944","7,058","9,699","18,323","19,529","43,124","79,628","5,484","62,256","35,970","1,009","17,801","2,519","8,728","8,021","13,193","9,653","3,324","37,680","64,996","18,388","18,491","57,414","58,787","20,303","9,395","23,535","9,145","26,223","66,197","2,573","36,071","15,538","5,537","496,086","6,970","3,410","25,693","5,326","11,841",992,"6,791","6,883","4,721","11,672","6,934","30,132","8,292","53,013","4,745","55,001"
Jan-10,"2,108,821","10,333","191,501","12,826","29,962","8,682","70,175","26,134","11,797","51,583","20,368","25,978","1,246","9,437","11,915","33,039","7,168","18,082","7,185","9,931","18,728","19,934","43,706","80,287","5,612","63,058","36,258","1,006","17,934","2,563","8,839","7,960","13,350","9,757","3,319","37,846","65,597","18,547","18,697","58,143","59,482","20,315","9,420","23,754","9,359","26,257","67,319","2,574","36,601","15,725","5,558","499,662","6,896","3,489","26,095","5,372","12,062","1,030","6,790","6,840","4,838","11,716","7,109","30,188","8,224","53,324","4,792","55,547"
Feb-10,"2,114,565","10,300","191,547","12,758","29,992","8,645","70,729","26,214","11,827","52,014","20,472","26,264","1,245","9,426","12,133","33,483","7,163","18,295","7,260","9,897","18,752","19,892","43,784","80,588","5,750","63,371","36,397","1,008","18,074","2,558","8,840","7,963","13,455","9,803","3,315","38,002","66,145","18,735","18,729","57,980","59,649","20,429","9,516","23,812","9,437","26,483","67,697","2,591","36,900","15,816","5,537","498,908","6,955","3,527","26,003","5,429","12,071","1,016","6,800","6,899","4,870","11,901","7,213","30,270","8,174","53,630","4,771","55,456"
Mar-10,"2,150,854","10,570","195,545","13,055","30,471","8,789","72,135","26,349","11,903","53,256","20,704","26,415","1,247","9,504","12,250","34,197","7,220","18,625","7,250","9,947","19,042","20,543","45,248","82,123","5,671","64,032","36,694",995,"18,436","2,557","8,843","8,011","13,700","9,925","3,357","38,728","67,578","18,782","19,179","58,898","60,897","20,688","9,540","24,281","9,456","27,025","69,014","2,624","37,665","16,129","5,586","507,744","7,115","3,578","26,422","5,523","12,305","1,035","6,881","6,992","4,957","11,966","7,309","30,710","8,319","53,979","4,813","56,527"
Apr-10,"2,149,672","10,449","196,473","13,148","30,511","8,803","72,513","26,308","12,061","53,119","20,652","26,353","1,242","9,432","12,145","34,275","7,218","18,433","7,216","9,890","19,004","20,567","45,208","81,486","5,473","63,755","36,682",981,"18,362","2,515","8,833","7,893","13,654","9,922","3,392","38,618","67,409","18,661","19,005","59,401","61,016","20,669","9,494","24,041","9,452","26,830","69,476","2,602","37,664","16,235","5,593","508,355","7,045","3,589","26,250","5,494","12,220","1,042","6,940","6,985","4,974","11,882","7,254","30,526","8,329","53,523","4,770","56,360"
May-10,"2,162,141","10,627","197,707","13,091","30,459","8,789","73,104","26,593","12,089","53,124","20,747","26,553","1,264","9,516","12,065","34,429","7,221","18,362","7,353","9,927","18,822","20,632","44,876","82,142","5,497","64,100","36,557","1,002","18,427","2,575","8,847","8,046","13,613","9,912","3,381","38,771","68,089","18,759","19,116","59,878","61,562","20,892","9,494","24,156","9,553","26,865","70,412","2,609","37,723","16,445","5,622","512,196","7,172","3,599","26,559","5,521","12,366","1,030","6,987","6,974","4,991","11,912","7,223","30,733","8,371","54,052","4,894","56,166"
Jun-10,"2,163,838","10,576","197,695","13,102","30,217","8,679","72,688","26,633","12,077","53,630","20,690","26,439","1,285","9,488","12,217","35,035","7,180","18,362","7,288","10,068","18,810","20,622","45,161","81,929","5,463","64,457","36,511",979,"18,490","2,595","8,814","7,971","13,623","9,944","3,376","38,984","68,215","18,575","19,269","59,954","61,546","20,856","9,498","24,110","9,430","26,916","70,882","2,607","37,930","16,421","5,762","512,886","7,098","3,627","26,650","5,519","12,316","1,050","6,952","6,867","4,979","11,814","7,199","30,498","8,295","54,090","4,833","56,116"
Jul-10,"2,191,363","10,710","200,284","13,392","30,872","8,731","73,835","27,073","12,008","54,219","20,999","26,945","1,264","9,658","12,377","35,430","7,260","18,512","7,325","10,196","19,169","20,778","45,851","83,225","5,551","65,338","36,905",966,"18,724","2,600","8,801","8,085","13,765","10,184","3,437","39,355","69,407","18,991","19,588","60,936","62,077","21,097","9,535","24,460","9,508","27,255","71,079","2,601","38,336","16,944","5,833","518,538","7,154","3,589","27,127","5,573","12,431","1,029","7,067","6,938","5,059","11,850","7,410","30,962","8,410","54,644","4,868","57,243"
Aug-10,"2,204,565","10,886","201,948","13,412","30,991","8,723","74,185","27,034","12,012","54,742","21,024","27,173","1,268","9,690","12,387","35,932","7,258","18,480","7,247","10,374","19,234","20,718","45,849","83,390","5,621","65,276","36,874",958,"19,092","2,653","8,869","8,062","13,829","10,110","3,418","39,762","70,219","19,012","19,724","61,703","62,589","21,219","9,701","24,752","9,571","27,564","70,801","2,605","38,689","17,122","5,755","521,883","7,234","3,643","27,245","5,658","12,397","1,057","7,021","6,879","5,121","11,932","7,539","31,150","8,499","55,274","4,949","57,577"
Sep-10,"2,190,259","10,858","201,116","13,163","30,444","8,686","73,753","26,777","11,757","54,354","20,934","26,681","1,274","9,686","12,174","36,132","7,242","18,395","7,176","10,312","18,884","20,493","45,765","82,820","5,547","64,742","36,410",961,"19,014","2,537","8,678","7,981","13,823","9,973","3,382","39,484","69,959","18,944","19,527","61,530","62,174","21,135","9,513","24,426","9,488","26,935","70,142","2,590","38,357","16,885","5,612","520,409","7,216","3,572","27,081","5,602","12,367","1,005","7,050","6,768","4,999","11,812","7,324","30,980","8,413","54,763","4,848","57,425"
Oct-10,"2,208,194","10,990","202,687","13,177","30,712","8,748","73,897","26,968","11,763","55,208","21,028","26,866","1,268","9,752","12,202","36,761","7,229","18,509","7,280","10,353","18,963","20,684","45,902","83,750","5,585","65,018","36,652",954,"19,357","2,560","8,735","8,038","13,899","9,942","3,424","39,912","70,530","18,864","19,639","62,192","62,353","21,129","9,441","24,546","9,494","27,519","70,876","2,602","39,061","17,021","5,653","525,830","7,325","3,569","27,256","5,566","12,456","1,004","7,101","6,823","4,975","11,838","7,329","31,338","8,558","54,806","4,835","57,892"
Nov-10,"2,218,647","10,898","204,308","13,376","30,816","8,709","74,638","26,665","11,668","55,471","20,937","27,006","1,247","9,743","12,235","37,321","7,208","18,342","7,230","10,246","18,920","20,849","46,142","84,298","5,607","65,668","36,679",934,"19,514","2,618","8,798","8,087","13,866","9,988","3,464","39,817","71,153","18,897","19,897","62,714","62,369","21,107","9,505","24,583","9,634","27,935","71,329","2,570","39,175","17,112","5,642","528,472","7,231","3,613","27,206","5,543","12,498","1,042","7,152","6,869","5,022","11,917","7,398","31,306","8,531","54,922","4,884","58,106"
Dec-10,"2,222,961","10,818","205,086","13,117","30,719","8,623","75,951","26,728","11,475","55,489","20,987","27,018","1,246","9,793","12,316","37,738","7,195","18,385","7,183","10,222","18,960","21,076","46,517","84,118","5,603","66,351","36,551",952,"19,509","2,514","8,863","8,189","14,002","10,041","3,431","39,788","71,131","18,747","19,878","63,081","62,628","20,823","9,493","24,596","9,515","28,135","69,805","2,567","39,587","17,085","5,613","529,595","7,332","3,633","27,442","5,522","12,437","1,008","7,062","6,889","5,000","11,987","7,395","31,187","8,509","55,187","4,890","58,648"
Jan-11,"2,231,949","10,826","204,993","13,202","31,161","8,697","76,377","26,901","11,411","55,764","21,215","26,948","1,258","9,920","12,430","37,966","7,251","18,456","7,236","10,268","19,086","21,191","46,879","84,183","5,661","66,930","36,704",951,"19,662","2,549","9,021","8,197","14,133","9,958","3,430","40,108","71,407","18,901","19,826","63,478","62,967","20,980","9,648","24,795","9,513","28,380","69,491","2,592","39,704","17,288","5,754","530,784","7,400","3,574","27,572","5,637","12,426","1,030","7,075","6,815","5,088","12,074","7,506","31,353","8,546","55,660","4,825","58,937"
Feb-11,"2,237,308","10,913","205,400","13,220","31,163","8,692","76,311","26,862","11,424","56,053","21,297","27,175","1,264","9,899","12,455","38,232","7,210","18,571","7,242","10,302","18,965","21,268","46,942","84,794","5,735","66,957","36,838",979,"19,931","2,521","8,879","8,195","14,073","9,984","3,410","40,087","71,409","18,900","19,934","63,616","63,339","20,981","9,626","24,854","9,517","28,307","69,402","2,616","39,775","17,465","5,751","532,513","7,325","3,532","27,656","5,678","12,594","1,037","7,056","6,911","5,066","11,957","7,521","31,590","8,601","55,728","4,836","58,972"
Mar-11,"2,264,635","11,136","208,092","13,400","31,241","8,853","77,295","27,080","11,322","56,748","21,532","27,479","1,267","10,003","12,580","39,249","7,292","18,725","7,271","10,474","19,250","21,720","47,687","86,119","5,644","67,281","36,931",953,"20,085","2,534","9,000","8,263","14,037","10,021","3,465","40,618","72,684","19,049","20,264","64,363","64,052","21,191","9,574","25,014","9,700","28,682","69,965","2,619","40,411","17,527","5,876","540,701","7,556","3,559","28,072","5,717","12,644","1,043","7,083","6,997","5,101","12,121","7,599","31,649","8,683","55,772","4,834","59,886"
Apr-11,"2,278,460","11,297","210,050","13,399","31,322","8,851","77,875","27,221","11,288","57,638","21,595","27,562","1,247","10,123","12,365","39,783","7,284","18,817","7,363","10,477","19,372","21,862","47,550","86,902","5,685","67,417","36,960",956,"20,171","2,506","8,936","8,296","14,025","9,971","3,482","40,558","73,380","19,071","20,531","64,802","64,780","21,226","9,595","25,025","9,642","29,159","69,574","2,633","40,761","17,747","5,888","545,313","7,588","3,570","27,952","5,660","12,609","1,034","7,104","6,895","5,145","12,184","7,573","32,088","8,718","55,850","4,906","60,251"
May-11,"2,274,565","11,046","208,767","13,292","31,406","8,832","77,944","27,135","11,119","57,861","21,432","27,398","1,252","10,043","12,237","39,640","7,293","18,638","7,234","10,468","19,230","21,819","47,444","86,477","5,710","67,564","36,832",954,"20,144","2,557","8,994","8,272","14,009","9,928","3,499","40,604","73,132","19,076","20,440","64,749","64,543","20,990","9,591","24,869","9,653","29,265","69,752","2,600","40,599","17,769","5,859","546,187","7,547","3,612","27,890","5,642","12,628","1,004","7,063","6,872","5,161","12,011","7,539","32,005","8,601","55,679","4,905","60,258"
Jun-11,"2,280,442","10,933","208,582","13,311","31,302","8,794","77,820","27,011","11,122","58,076","21,560","27,578","1,276","10,033","12,287","39,905","7,307","18,495","7,204","10,545","19,083","21,810","47,372","87,132","5,644","68,019","36,862",967,"20,081","2,574","8,858","8,274","13,936","10,017","3,446","40,542","73,769","19,174","20,568","64,679","64,481","21,030","9,624","24,935","9,711","29,132","70,550","2,594","40,223","17,696","5,851","549,443","7,606","3,625","27,802","5,736","12,550","1,003","7,065","6,858","5,184","11,962","7,543","31,952","8,688","56,008","4,888","60,754"
Jul-11,"2,299,075","11,038","209,790","13,453","31,502","8,767","78,323","27,099","11,085","58,995","21,927","27,642","1,260","10,106","12,409","40,140","7,373","18,661","7,252","10,592","19,253","22,074","47,942","88,735","5,674","68,869","36,977",978,"20,193","2,581","8,868","8,397","13,942","10,048","3,514","40,883","74,807","19,167","20,920","65,042","65,111","21,166","9,596","25,155","9,735","29,430","70,075","2,669","40,263","17,871","5,855","555,592","7,646","3,688","28,093","5,743","12,525","1,006","7,039","6,920","5,201","11,836","7,727","32,016","8,675","56,029","4,920","61,215"
Aug-11,"2,303,561","11,147","210,764","13,451","31,770","8,839","78,757","27,167","11,004","58,957","21,787","27,634","1,236","10,186","12,424","40,210","7,358","18,708","7,128","10,641","19,300","21,863","48,483","88,435","5,636","68,651","36,954",990,"20,439","2,558","8,899","8,363","13,978","10,061","3,460","40,825","75,024","19,277","20,804","65,298","65,028","20,965","9,668","25,347","9,767","29,510","70,077","2,647","40,269","17,726","5,892","557,317","7,530","3,674","28,021","5,751","12,587","1,007","7,008","6,892","5,226","12,054","7,694","31,994","8,782","56,121","4,923","61,618"
Sep-11,"2,275,981","11,119","209,865","13,404","31,677","8,867","76,826","27,129","10,683","57,444","21,671","27,608","1,234","10,124","12,226","36,747","7,232","18,524","7,103","10,534","19,106","21,717","47,786","87,161","5,609","68,400","36,441",964,"20,332","2,531","8,747","8,276","13,897","9,988","3,388","40,244","74,476","19,179","20,630","62,137","64,306","20,862","9,605","24,967","9,831","28,606","69,810","2,591","39,426","17,488","5,850","552,040","7,568","3,598","27,826","5,676","12,459",964,"6,892","6,932","5,178","11,870","7,562","31,897","8,700","56,009","4,737","61,705"
Oct-11,"2,246,236","11,034","206,102","13,077","31,047","8,776","75,893","26,686","10,572","57,160","21,205","27,364","1,205","10,077","12,053","37,119","7,144","18,245","7,063","10,415","18,605","21,649","47,723","87,055","5,524","67,190","36,301",944,"20,058","2,452","8,662","8,087","13,677","9,773","3,356","40,043","73,470","18,882","20,418","61,733","63,350","20,678","9,513","24,553","9,522","27,920","70,004","2,593","39,711","17,447","5,773","540,336","7,476","3,553","27,462","5,617","12,292",981,"6,838","6,826","5,191","11,749","7,488","31,375","8,572","55,356","4,695","61,526"
Nov-11,"2,172,155","10,728","198,008","12,647","29,927","8,555","73,655","25,888","10,278","55,632","20,629","26,382","1,179","9,842","11,742","36,397","6,929","17,618","6,841","10,047","18,008","21,310","45,737","85,777","5,311","64,212","35,122",930,"19,411","2,362","8,408","7,848","13,366","9,431","3,271","38,750","71,039","18,259","19,733","60,042","61,732","19,871","9,097","23,659","9,217","27,309","68,466","2,519","38,319","16,852","5,596","519,682","7,312","3,425","26,582","5,454","12,035",943,"6,600","6,584","5,009","11,306","7,187","30,573","8,447","53,408","4,549","59,171"
Dec-11,"2,158,132","10,713","195,432","12,493","29,687","8,472","73,636","25,783","10,191","55,715","20,532","26,126","1,168","9,747","11,687","36,258","6,828","17,481","6,791","9,918","17,762","21,321","45,633","84,959","5,229","64,203","34,856",927,"19,352","2,361","8,297","7,780","13,310","9,321","3,259","38,523","70,574","18,129","19,647","59,669","61,569","19,702","9,094","23,604","9,183","27,389","68,412","2,497","37,692","16,765","5,590","516,315","7,256","3,438","26,375","5,369","11,993",941,"6,495","6,459","4,937","11,150","7,133","30,367","8,357","52,953","4,476","58,851"
Jan-12,"2,167,587","10,782","195,558","12,616","29,844","8,474","74,325","25,788","10,187","56,106","20,725","26,189","1,183","9,747","11,742","36,700","6,846","17,562","6,803","9,935","17,773","21,511","45,676","85,426","5,219","64,723","34,865",928,"19,385","2,368","8,268","7,820","13,299","9,318","3,282","38,886","71,225","18,097","19,844","59,819","61,899","19,771","9,149","23,710","9,217","27,829","68,996","2,501","38,164","16,944","5,587","516,952","7,386","3,478","26,461","5,347","11,973",955,"6,550","6,511","4,937","11,148","7,166","30,529","8,382","53,191","4,455","59,555"
Feb-12,"2,176,160","10,810","195,927","12,617","29,881","8,469","74,530","25,847","10,187","56,416","20,806","26,219","1,183","9,755","11,738","36,929","6,867","17,566","6,829","9,925","17,857","21,635","46,023","85,892","5,248","64,703","34,918",935,"19,388","2,386","8,243","7,785","13,326","9,305","3,299","39,152","71,597","18,018","19,988","59,913","62,212","19,923","9,114","23,762","9,201","28,046","69,502","2,526","38,551","16,954","5,654","519,891","7,444","3,509","26,600","5,364","12,027",960,"6,600","6,426","4,958","11,079","7,176","30,611","8,392","53,256","4,471","59,839"
Mar-12,"2,178,851","10,727","195,462","12,637","29,871","8,466","74,195","25,940","10,124","56,292","20,782","26,294","1,193","9,730","11,773","37,179","6,808","17,549","6,789","9,960","17,819","21,826","46,180","85,979","5,221","64,665","34,874",929,"19,470","2,372","8,120","7,853","13,211","9,198","3,287","39,106","71,967","18,050","20,015","59,892","62,505","19,936","9,063","23,785","9,170","28,171","70,218","2,491","38,546","17,071","5,623","521,678","7,454","3,438","26,633","5,384","12,059",959,"6,554","6,331","4,971","11,074","7,192","30,708","8,396","53,092","4,491","60,053"
Apr-12,"2,173,628","10,704","195,413","12,631","29,863","8,455","74,028","25,926","10,113","55,661","20,768","26,215","1,184","9,776","11,774","36,894","6,785","17,466","6,768","9,965","17,695","21,874","45,798","85,765","5,179","64,337","34,869",939,"19,394","2,350","8,043","7,840","13,126","9,141","3,269","38,920","71,600","17,931","19,954","59,751","62,075","19,658","9,033","23,803","9,197","28,301","69,840","2,477","38,294","17,032","5,592","522,825","7,450","3,409","26,531","5,363","11,944",950,"6,514","6,225","4,962","11,127","7,120","30,467","8,347","52,863","4,440","59,625"
May-12,"2,180,830","10,799","196,038","12,643","29,929","8,515","73,904","26,012","10,063","55,679","20,799","26,281","1,199","9,785","11,761","37,093","6,760","17,517","6,777","10,020","17,642","21,958","45,749","85,767","5,195","64,247","34,894",923,"19,606","2,336","8,033","7,843","13,256","9,141","3,249","38,920","71,705","17,931","19,980","60,360","62,318","19,659","9,075","23,902","9,232","28,246","70,250","2,474","38,453","17,050","5,661","526,482","7,436","3,396","26,550","5,399","12,001",958,"6,513","6,196","4,954","11,123","7,126","30,344","8,293","53,146","4,448","59,836"
Jun-12,"2,172,303","10,722","195,490","12,613","29,711","8,466","73,453","25,954","10,004","55,387","20,718","26,137","1,196","9,726","11,631","36,997","6,734","17,323","6,745","10,032","17,461","21,762","45,502","85,040","5,149","64,061","34,781",914,"19,451","2,298","8,026","7,831","13,264","9,045","3,222","38,680","71,379","17,752","20,004","60,849","62,284","19,495","9,025","23,817","9,203","27,570","70,020","2,443","38,155","17,023","5,630","525,832","7,426","3,373","26,444","5,420","11,873",957,"6,471","6,191","4,939","11,018","7,055","30,101","8,210","52,920","4,427","59,471"
Jul-12,"2,180,617","10,696","196,074","12,642","29,628","8,503","74,124","25,945","10,017","55,730","20,735","26,259","1,213","9,681","11,634","37,277","6,719","17,313","6,784","10,043","17,433","21,893","45,818","85,509","5,152","64,241","34,718",898,"19,573","2,337","8,035","7,867","13,174","9,082","3,237","38,893","71,803","17,762","20,153","61,884","62,694","19,500","9,062","23,801","9,241","27,541","71,087","2,454","38,607","17,200","5,663","526,279","7,412","3,346","26,571","5,484","11,867",974,"6,462","6,136","4,941","11,091","7,079","30,094","8,222","52,919","4,446","59,965"
Aug-12,"2,180,019","10,721","195,984","12,644","29,612","8,437","74,759","25,836","9,996","55,743","20,750","26,317","1,220","9,683","11,636","37,317","6,693","17,273","6,727","10,025","17,401","21,875","45,918","85,830","5,169","64,179","34,645",915,"19,515","2,353","8,007","7,874","13,028","9,085","3,238","38,782","72,070","17,838","20,206","61,574","62,614","19,623","9,031","23,820","9,248","27,193","71,376","2,454","38,811","17,133","5,631","525,175","7,364","3,273","26,629","5,477","11,839",968,"6,473","6,131","4,976","11,174","7,058","30,003","8,213","52,959","4,428","60,070"
Sep-12,"2,166,500","10,695","195,620","12,593","29,390","8,371","74,565","25,748","9,997","55,360","20,496","26,244","1,213","9,698","11,512","37,029","6,627","17,114","6,702","9,925","17,270","21,780","45,823","85,339","5,136","63,775","34,496",920,"19,399","2,343","7,907","7,795","12,932","9,071","3,205","38,724","71,880","17,678","20,094","61,537","62,330","19,506","8,978","23,741","9,152","26,831","70,043","2,475","38,571","16,972","5,616","521,194","7,372","3,247","26,384","5,455","11,703",963,"6,388","6,131","4,917","11,117","6,996","29,743","8,109","52,515","4,325","59,723"
Oct-12,"2,169,519","10,837","196,331","12,569","29,516","8,339","74,833","25,745","10,071","55,353","20,595","26,213","1,205","9,736","11,426","37,327","6,659","17,065","6,739","9,965","17,378","21,903","45,794","85,515","5,188","64,000","34,439",928,"19,430","2,315","7,863","7,745","12,973","9,173","3,208","38,826","71,898","17,771","20,219","61,372","62,613","19,629","9,023","23,641","9,180","26,806","70,185","2,492","38,845","17,039","5,550","520,408","7,382","3,279","26,445","5,487","11,758",959,"6,464","6,258","4,896","11,221","7,003","29,916","8,112","52,394","4,340","59,732"
Nov-12,"2,157,880","10,784","195,516","12,469","29,323","8,317","74,152","25,685","10,169","54,775","20,500","26,079","1,190","9,699","11,397","37,215","6,612","17,006","6,735","9,928","17,255","21,976","45,666","84,754","5,185","63,769","34,256",916,"19,329","2,303","7,818","7,786","12,942","9,145","3,217","38,590","71,803","17,790","20,087","60,360","62,283","19,469","8,949","23,518","9,092","26,507","69,885","2,514","38,626","16,980","5,485","517,094","7,271","3,288","26,303","5,475","11,709",923,"6,351","6,367","4,904","11,140","7,023","29,741","8,136","52,246","4,300","59,803"
Dec-12,"2,160,526","10,720","195,674","12,445","29,390","8,346","74,159","25,665","10,262","55,027","20,500","26,009","1,202","9,721","11,446","37,213","6,622","16,974","6,764","9,895","17,262","22,140","45,787","84,794","5,135","63,853","34,173",907,"19,335","2,318","7,801","7,763","12,975","9,147","3,220","38,715","71,829","17,763","20,221","61,267","62,228","19,419","8,940","23,531","9,078","26,590","70,634","2,502","38,704","17,068","5,442","517,135","7,269","3,320","26,235","5,476","11,740",926,"6,317","6,407","4,894","11,073","6,996","29,566","8,130","52,298","4,316","59,853"
Jan-13,"2,173,984","10,744","195,284","12,518","29,627","8,464","74,821","25,808","10,416","55,620","20,628","26,324","1,218","9,746","11,492","37,825","6,622","17,034","6,889","10,021","17,274","22,430","46,545","85,683","5,197","64,223","34,525",917,"19,552","2,363","7,802","7,801","13,137","9,236","3,244","39,151","72,309","17,819","20,347","61,946","62,975","19,573","8,994","23,598","9,147","26,988","71,165","2,512","39,046","17,211","5,600","517,275","7,269","3,325","26,452","5,517","11,839",917,"6,427","6,481","4,945","11,215","7,065","29,902","8,213","52,729","4,356","60,646"
Feb-13,"2,174,083","10,749","194,795","12,468","29,556","8,529","74,803","25,713","10,492","55,877","20,662","26,389","1,211","9,726","11,556","37,964","6,651","17,063","6,915","10,022","17,190","22,376","46,968","85,850","5,192","64,114","34,512",921,"19,653","2,381","7,796","7,788","13,107","9,209","3,234","39,215","72,461","17,866","20,295","61,869","63,106","19,589","8,919","23,531","9,168","26,954","71,102","2,490","39,093","17,197","5,619","516,616","7,301","3,338","26,417","5,545","11,876",911,"6,376","6,446","4,951","11,293","7,021","30,013","8,210","52,619","4,339","60,905"
Mar-13,"2,179,417","10,754","195,323","12,516","29,669","8,598","74,647","25,784","10,520","56,277","20,726","26,519","1,211","9,782","11,562","37,954","6,611","17,070","6,930","9,993","17,148","22,354","47,114","85,874","5,153","64,089","34,620",920,"19,675","2,399","7,745","7,815","13,095","9,218","3,201","39,355","72,497","17,970","20,415","62,166","63,358","19,636","8,933","23,467","9,178","27,149","71,593","2,500","39,399","17,207","5,690","517,932","7,357","3,374","26,483","5,586","11,892",943,"6,357","6,473","4,945","11,190","7,017","30,163","8,197","52,712","4,327","61,090"
Apr-13,"2,186,059","10,906","195,945","12,556","29,730","8,666","74,703","25,973","10,526","55,998","20,851","26,625","1,194","9,805","11,610","38,206","6,638","17,048","6,969","10,057","17,155","22,325","46,834","86,084","5,163","64,213","34,729",898,"19,881","2,419","7,750","7,811","13,117","9,240","3,245","39,361","72,845","17,974","20,581","62,734","63,530","19,767","8,958","23,664","9,202","27,203","72,102","2,511","39,728","17,242","5,779","519,310","7,363","3,401","26,513","5,602","11,862",938,"6,308","6,534","4,939","11,269","7,042","30,237","8,156","52,872","4,359","61,303"
May-13,"2,182,935","10,946","195,808","12,546","29,778","8,642","74,352","25,986","10,450","55,736","20,797","26,527","1,176","9,766","11,595","38,303","6,650","16,904","6,967","10,009","17,077","22,273","46,621","85,929","5,132","63,960","34,681",894,"19,834","2,402","7,743","7,775","13,150","9,232","3,250","39,412","72,802","17,866","20,455","62,613","63,403","19,793","8,954","23,734","9,184","27,117","72,286","2,485","39,665","17,208","5,766","519,312","7,365","3,348","26,448","5,585","11,822",945,"6,269","6,533","4,870","11,262","7,064","29,961","8,051","52,809","4,357","61,300"
Jun-13,"2,176,317","10,847","195,278","12,497","29,705","8,618","74,004","25,981","10,344","55,486","20,701","26,337","1,190","9,665","11,468","38,145","6,569","16,738","6,911","9,983","16,932","22,231","46,544","85,439","5,124","63,736","34,493",896,"19,815","2,380","7,735","7,745","12,985","9,205","3,245","39,380","72,224","17,745","20,425","62,320","63,150","19,714","8,998","23,655","9,167","26,884","72,352","2,484","39,399","17,107","5,667","519,446","7,372","3,348","26,381","5,584","11,839",939,"6,216","6,520","4,832","11,183","7,073","29,739","8,043","52,759","4,310","61,090"
Jul-13,"2,189,052","10,985","196,202","12,564","29,810","8,670","74,204","26,144","10,391","56,044","20,750","26,390","1,194","9,696","11,538","38,462","6,633","16,793","6,932","10,020","17,031","22,399","46,909","86,341","5,174","64,141","34,501",897,"19,915","2,404","7,732","7,783","12,965","9,225","3,304","39,644","72,763","17,813","20,466","62,673","63,414","19,879","9,070","23,500","9,210","26,928","73,179","2,518","39,535","17,146","5,697","523,181","7,323","3,350","26,474","5,646","11,853",953,"6,208","6,556","4,837","11,194","7,045","29,843","8,018","53,015","4,328","61,650"
Aug-13,"2,184,610","11,120","195,627","12,553","29,665","8,622","74,050","26,144","10,384","55,883","20,658","26,281","1,201","9,742","11,516","38,143","6,600","16,796","6,889","10,007","16,986","22,249","46,773","86,149","5,185","64,000","34,509",901,"19,905","2,436","7,736","7,807","12,837","9,223","3,303","39,703","72,534","17,739","20,471","62,636","63,209","19,821","9,033","23,368","9,184","26,800","73,166","2,536","38,885","17,004","5,661","522,921","7,240","3,362","26,305","5,602","11,780",936,"6,161","6,515","4,832","11,137","7,053","29,839","8,004","53,242","4,315","61,736"
Sep-13,"2,177,874","11,121","194,353","12,556","29,454","8,591","73,690","26,040","10,318","55,873","20,585","26,244","1,184","9,704","11,519","38,217","6,555","16,791","6,908","9,958","16,872","22,199","46,451","85,907","5,166","63,778","34,399",904,"19,830","2,449","7,734","7,797","12,804","9,173","3,321","39,661","72,147","17,632","20,371","62,770","63,161","19,810","9,024","23,346","9,183","26,854","73,244","2,540","38,816","16,923","5,690","521,254","7,238","3,326","26,225","5,547","11,709",945,"6,099","6,431","4,821","11,143","7,005","29,720","7,921","53,294","4,282","61,297"
Oct-13,"2,192,674","11,150","194,750","12,642","29,503","8,640","73,852","26,156","10,428","56,406","20,687","26,252","1,186","9,666","11,612","38,729","6,618","16,851","7,027","10,038","17,002","22,444","46,984","86,927","5,177","63,961","34,617",915,"20,065","2,487","7,750","7,830","12,962","9,227","3,346","39,991","72,605","17,785","20,525","63,166","63,662","20,100","9,145","23,431","9,224","27,216","74,200","2,557","39,250","17,100","5,727","524,389","7,335","3,296","26,615","5,610","11,782",983,"6,121","6,517","4,852","11,225","7,012","29,855","8,001","53,334","4,328","61,848"
Nov-13,"2,191,989","11,198","194,597","12,686","29,467","8,704","73,866","26,136","10,470","56,417","20,666","26,323","1,189","9,741","11,604","38,687","6,655","16,827","7,055","10,034","16,980","22,464","47,218","86,253","5,199","63,872","34,685",931,"20,109","2,505","7,736","7,889","12,997","9,217","3,372","39,973","72,838","17,782","20,493","63,348","63,707","20,130","9,160","23,339","9,282","27,289","74,468","2,573","39,167","17,149","5,741","522,865","7,339","3,315","26,635","5,654","11,789",995,"6,062","6,597","4,813","11,233","7,032","29,928","8,053","53,397","4,346","61,748"
Dec-13,"2,192,382","11,192","194,812","12,701","29,348","8,736","73,694","26,221","10,572","56,671","20,640","26,405","1,161","9,784","11,589","38,844","6,697","16,788","7,096","10,017","16,966","22,586","47,423","86,041","5,210","63,795","34,780",940,"20,058","2,537","7,695","7,928","13,089","9,190","3,359","40,174","72,921","17,752","20,577","63,507","63,671","20,111","9,186","23,320","9,270","27,293","74,536","2,566","39,292","17,118","5,698","521,607","7,325","3,360","26,723","5,636","11,790","1,009","6,087","6,612","4,880","11,208","7,029","29,841","8,056","53,436","4,319","61,907"
Jan-14,"2,194,369","11,260","194,298","12,779","29,371","8,832","73,777","26,220","10,633","56,867","20,648","26,521","1,159","9,763","11,641","38,740","6,712","16,957","7,105","10,030","16,970","22,768","47,605","86,320","5,222","63,946","34,966",944,"20,179","2,573","7,731","8,011","13,201","9,215","3,362","40,249","73,038","17,761","20,640","63,782","63,853","20,241","9,242","23,389","9,263","27,464","74,570","2,580","39,528","17,097","5,765","519,430","7,420","3,366","26,714","5,672","11,909","1,008","6,040","6,744","4,918","11,240","7,075","29,782","8,119","53,634","4,305","62,205"
Feb-14,"2,197,035","11,357","194,502","12,838","29,338","8,835","73,957","26,369","10,674","56,617","20,739","26,621","1,155","9,850","11,704","38,758","6,739","16,984","7,131","10,047","16,986","22,881","47,641","86,213","5,213","63,938","34,986",926,"20,411","2,592","7,735","8,063","13,259","9,202","3,374","40,507","73,265","17,836","20,712","64,111","64,175","20,382","9,238","23,425","9,250","27,585","74,571","2,576","39,845","17,107","5,830","517,733","7,570","3,363","26,806","5,683","12,003","1,008","6,023","6,812","4,941","11,219","7,095","29,934","8,235","53,693","4,263","62,604"
Mar-14,"2,223,516","11,703","195,385","12,970","29,565","8,917","74,867","26,538","10,738","57,988","20,831","26,971","1,159","10,053","11,807","39,823","6,748","17,073","7,157","10,132","17,119","23,288","48,484","87,272","5,203","64,259","35,053",929,"20,669","2,636","7,771","8,132","13,365","9,260","3,395","41,112","74,761","18,011","20,958","65,487","64,705","20,637","9,267","23,452","9,321","28,117","76,552","2,627","40,762","17,374","5,932","522,618","7,777","3,352","27,183","5,790","12,157","1,015","6,146","6,942","4,993","11,257","7,160","30,219","8,287","54,294","4,332","63,659"
Apr-14,"2,240,070","11,889","196,423","13,019","29,884","8,907","75,720","26,567","10,797","59,122","21,079","27,076","1,150","10,145","11,884","40,310","6,765","17,129","7,180","10,143","17,261","23,430","48,914","88,017","5,235","64,162","35,412",941,"20,820","2,648","7,698","8,245","13,454","9,263","3,402","41,544","75,063","18,036","21,057","66,070","65,132","20,772","9,286","23,520","9,349","28,422","77,971","2,640","41,101","17,459","5,950","526,111","7,863","3,403","27,209","5,847","12,277","1,009","6,133","6,979","4,983","11,323","7,143","30,345","8,318","54,737","4,378","64,549"
May-14,"2,235,973","11,848","196,003","12,986","29,816","8,976","75,512","26,569","10,794","59,024","21,058","27,106","1,148","10,070","11,810","40,338","6,773","17,079","7,163","10,071","17,002","23,519","48,750","88,378","5,196","63,850","35,309",952,"20,809","2,636","7,724","8,238","13,463","9,204","3,388","41,557","74,860","17,943","21,020","65,980","64,904","20,724","9,256","23,543","9,307","28,508","78,062","2,602","40,667","17,431","5,937","525,180","7,832","3,380","27,139","5,787","12,346",991,"6,121","6,946","4,922","11,343","7,102","30,276","8,290","54,715","4,348","64,392"
Jun-14,"2,229,152","11,823","194,557","12,978","29,629","8,928","75,312","26,532","10,730","58,671","21,067","26,968","1,139","10,065","11,816","39,979","6,734","16,982","7,155","10,063","16,895","23,475","48,601","88,085","5,161","63,628","35,133",918,"20,850","2,645","7,704","8,174","13,379","9,152","3,423","41,548","74,387","17,779","21,050","65,515","64,720","20,586","9,243","23,386","9,337","28,183","78,038","2,583","40,942","17,303","5,911","525,537","7,866","3,375","27,090","5,790","12,336",979,"6,052","6,911","4,901","11,250","7,037","30,063","8,229","54,570","4,327","63,977"
Jul-14***,"2,239,807","11,942","195,063","13,031","29,736","9,001","75,603","26,560","10,752","58,928","21,114","27,140","1,139","10,039","11,902","40,345","6,735","16,943","7,143","10,120","16,937","23,689","48,975","88,510","5,142","63,930","35,237",909,"21,071","2,701","7,689","8,229","13,374","9,135","3,442","41,780","74,806","17,722","21,194","66,005","65,180","20,749","9,301","23,421","9,349","28,200","78,760","2,596","41,233","17,378","5,897","528,233","7,869","3,365","27,302","5,840","12,382",982,"6,087","6,924","4,863","11,247","7,066","30,168","8,228","54,673","4,360","64,441"
Aug-14,"2,237,447","11,969","194,069","12,990","29,570","8,977","75,543","26,482","10,740","59,151","21,038","27,166","1,131","10,040","11,869","40,440","6,699","16,906","7,145","10,080","16,888","23,793","48,833","88,146","5,103","63,686","35,070",911,"21,131","2,692","7,638","8,189","13,450","9,157","3,412","41,652","74,624","17,706","21,110","66,134","65,032","20,635","9,308","23,351","9,341","28,181","78,892","2,605","41,110","17,375","5,844","529,093","7,836","3,344","27,307","5,846","12,408",960,"6,024","6,943","4,845","11,233","7,079","30,124","8,184","54,600","4,353","64,264"
Sep-14,"2,249,097","12,105","194,878","12,952","29,603","9,027","75,917","26,642","10,823","59,218","21,023","27,301","1,133","10,153","11,890","40,751","6,747","16,902","7,147","10,130","16,952","24,092","49,009","88,716","5,123","63,896","35,194",910,"21,462","2,683","7,659","8,211","13,453","9,193","3,459","41,779","75,017","17,861","21,447","66,682","65,379","20,747","9,308","23,348","9,384","28,234","79,664","2,639","41,870","17,505","5,905","531,126","7,873","3,390","27,417","5,887","12,479",978,"6,105","6,983","4,929","11,246","7,056","30,219","8,150","54,888","4,315","64,933"
Oct-14,"2,253,950","12,086","194,785","12,864","29,708","9,051","75,914","26,734","10,864","59,500","21,022","27,282","1,137","10,162","11,938","40,940","6,737","16,910","7,129","10,092","16,969","24,201","49,387","89,181","5,159","63,931","35,073",908,"21,537","2,662","7,617","8,188","13,499","9,176","3,492","41,856","75,348","17,828","21,569","66,897","65,683","20,873","9,310","23,329","9,364","28,293","79,703","2,613","41,787","17,624","5,890","532,274","7,975","3,364","27,478","5,883","12,408",978,"6,114","7,060","4,945","11,225","7,092","30,290","8,253","55,038","4,322","65,449"
Nov-14,"2,241,765","12,056","194,034","12,754","29,519","9,026","75,305","26,656","10,757","59,001","20,850","27,140","1,133","10,085","11,822","40,764","6,698","16,954","7,132","10,038","16,842","24,113","49,307","88,747","5,144","63,552","34,913",909,"21,488","2,618","7,597","8,153","13,376","9,098","3,429","41,648","74,831","17,745","21,442","66,911","65,235","20,657","9,284","23,186","9,316","28,053","79,607","2,566","41,477","17,539","5,904","528,783","7,968","3,325","27,391","5,837","12,349",962,"6,092","7,015","4,899","11,078","7,043","30,082","8,229","54,960","4,348","64,993"
Dec-14,"2,246,308","12,145","193,875","12,783","29,634","9,123","75,357","26,678","10,773","59,000","20,856","27,221","1,145","10,106","11,882","40,959","6,730","16,957","7,142","10,018","16,892","24,293","49,715","89,119","5,105","63,754","34,987",913,"21,535","2,626","7,573","8,158","13,526","9,125","3,467","41,830","75,323","17,797","21,611","66,969","65,285","20,782","9,293","23,199","9,335","27,978","80,147","2,581","42,025","17,591","5,882","528,758","8,011","3,327","27,425","5,853","12,460",972,"6,067","7,009","4,864","11,092","7,077","30,060","8,189","55,065","4,360","64,919"
Jan-15,"2,336,071","12,815","199,083","13,356","31,050","9,753","78,401","27,916","11,225","61,297","21,689","28,458","1,198","10,696","12,581","42,989","7,047","17,769","7,426","10,481","17,645","25,516","51,725","88,598","5,291","67,015","36,587",995,"22,779","2,776","7,891","8,529","14,494","9,499","3,644","43,606","77,951","18,730","22,725","70,301","67,524","21,754","9,727","24,276","9,808","29,419","84,784","2,719","44,308","18,335","6,185","546,200","8,493","3,467","28,556","6,157","13,330","1,024","6,279","7,463","5,063","11,643","7,396","31,577","8,706","58,128","4,586","67,637"
Feb-15,"2,386,889","13,079","202,767","13,710","31,739","9,994","79,789","28,564","11,464","62,768","22,198","29,121","1,220","10,924","13,067","44,079","7,290","18,204","7,602","10,776","17,892","26,291","52,966","89,393","5,395","68,506","37,396","1,020","23,420","2,862","8,081","8,752","14,895","9,678","3,728","44,703","79,640","19,197","23,393","71,929","68,982","22,324","9,916","24,658","10,008","30,218","87,339","2,784","45,766","18,918","6,353","555,883","8,803","3,610","29,171","6,287","13,732","1,035","6,498","7,636","5,146","11,895","7,620","32,452","9,011","59,492","4,733","69,127"
Mar-15,"2,456,030","13,758","209,082","14,108","32,589","10,270","81,834","29,299","11,799","65,136","23,224","29,875","1,237","11,304","13,368","45,566","7,481","18,666","7,781","11,092","18,365","27,191","54,402","91,392","5,566","70,047","38,211","1,037","24,156","2,915","8,249","9,019","15,268","9,955","3,825","46,012","82,884","19,648","24,195","73,940","71,284","22,905","10,114","25,197","10,180","31,248","90,537","2,869","47,230","19,465","6,634","570,314","9,121","3,726","29,863","6,455","14,087","1,069","6,768","7,893","5,197","12,152","7,833","33,355","9,263","60,823","4,899","71,803"
Apr-15,"2,498,085","14,053","213,673","14,314","33,016","10,432","83,136","29,721","11,998","67,229","23,697","30,240","1,235","11,553","13,587","46,773","7,560","18,908","7,844","11,274","18,624","27,624","56,147","93,921","5,622","71,021","38,628","1,047","24,622","2,905","8,375","9,095","15,470","10,161","3,862","46,694","84,348","19,984","24,510","75,025","72,614","23,322","10,246","25,465","10,266","31,597","92,447","2,853","47,972","19,743","6,763","577,749","9,260","3,791","30,277","6,559","14,250","1,103","6,894","8,051","5,247","12,276","7,841","33,804","9,347","61,538","4,973","73,909"
May-15,"2,528,821","14,161","216,894","14,488","33,241","10,506","84,119","30,039","12,078","68,414","23,850","30,631","1,243","11,632","13,650","47,735","7,606","19,077","7,955","11,457","18,663","27,763","58,344","96,136","5,627","71,710","38,944","1,048","24,890","2,937","8,466","9,182","15,622","10,263","3,852","47,232","85,020","20,135","24,840","75,945","73,569","23,421","10,351","25,652","10,335","32,006","93,733","2,841","48,420","20,002","6,861","583,650","9,404","3,816","30,570","6,562","14,367","1,097","6,971","8,177","5,287","12,394","7,896","34,188","9,362","61,903","5,040","75,551"
Jun-15,"2,561,189","14,321","219,476","14,597","33,605","10,564","85,131","30,328","12,263","69,481","24,112","30,728","1,268","11,691","13,833","48,437","7,640","19,165","8,029","11,520","18,776","28,208","59,609","98,577","5,668","72,357","39,460","1,067","25,270","2,950","8,619","9,240","15,835","10,319","3,849","47,806","85,913","20,376","25,153","77,071","74,561","23,732","10,460","25,921","10,420","32,370","95,091","2,884","49,303","20,265","6,898","590,970","9,447","3,842","30,843","6,645","14,464","1,103","7,049","8,298","5,341","12,486","8,011","34,618","9,401","62,482","5,149","76,823"
Jul-15,"2,589,198","14,517","220,496","14,778","33,829","10,585","85,810","30,572","12,429","70,379","24,400","31,186","1,291","11,775","13,992","48,973","7,682","19,310","8,090","11,617","18,905","28,522","59,561","104,893","5,709","72,812","39,710","1,082","25,650","2,976","8,707","9,273","16,044","10,461","3,857","48,369","86,648","20,602","25,353","77,694","75,255","24,010","10,543","26,113","10,544","32,674","96,349","2,891","49,763","20,402","6,932","596,362","9,597","3,862","31,250","6,702","14,638","1,106","7,168","8,423","5,391","12,566","8,062","34,930","9,484","62,920","5,215","77,507"
Aug-15,"2,611,818","14,630","222,085","14,937","34,121","10,620","86,396","30,861","12,611","70,995","24,562","31,429","1,279","11,923","14,080","49,081","7,769","19,565","8,140","11,753","19,029","28,859","60,096","106,075","5,720","73,451","39,886","1,076","25,938","3,013","8,842","9,273","16,264","10,551","3,897","48,744","87,336","20,883","25,710","78,443","75,925","24,363","10,671","26,417","10,638","33,040","97,438","2,932","50,179","20,706","6,953","601,167","9,712","3,907","31,558","6,731","14,729","1,117","7,267","8,522","5,366","12,701","8,185","35,197","9,580","63,417","5,302","78,175"
Sep-15,"2,635,294","14,805","222,810","15,072","34,194","10,712","87,106","31,011","12,776","71,772","24,798","31,599","1,281","11,954","14,133","49,654","7,806","19,698","8,214","11,877","19,028","29,263","60,718","110,607","5,732","73,672","40,131","1,072","26,118","3,009","8,963","9,270","16,421","10,605","3,905","49,398","87,931","20,966","25,860","79,172","76,756","24,546","10,662","26,523","10,657","33,156","98,544","2,965","50,746","20,861","6,998","605,740","9,878","3,918","31,709","6,749","14,923","1,126","7,403","8,597","5,436","12,790","8,230","35,478","9,564","63,935","5,364","78,927"
Oct-15,"2,650,622","14,917","223,714","15,161","34,428","10,815","87,366","31,065","12,909","72,254","24,946","31,708","1,280","12,022","14,208","49,851","7,797","19,706","8,251","11,946","19,033","29,688","61,191","111,494","5,716","73,973","40,251","1,086","26,272","3,037","9,015","9,322","16,490","10,638","3,884","49,729","88,150","21,041","26,007","79,650","77,358","24,637","10,703","26,596","10,685","33,308","99,159","2,965","51,063","21,075","7,030","610,152","9,912","3,938","31,992","6,707","15,046","1,171","7,425","8,662","5,435","12,852","8,233","35,802","9,657","64,380","5,388","79,280"
Nov-15,"2,661,843","14,914","224,360","15,206","34,574","10,897","87,123","31,218","12,917","72,760","24,998","31,874","1,287","12,141","14,270","50,117","7,809","19,866","8,229","11,985","19,044","29,736","61,681","111,922","5,701","74,259","40,542","1,087","26,366","3,069","9,042","9,386","16,580","10,678","3,910","50,016","88,402","21,084","26,016","79,958","77,805","24,674","10,727","26,767","10,701","33,519","99,955","2,999","51,356","21,153","7,055","612,579","9,977","3,940","32,132","6,643","15,107","1,174","7,538","8,764","5,506","12,909","8,273","36,060","9,728","64,818","5,433","79,527"
Dec-15,"2,696,112","15,241","227,382","15,529","35,074","11,023","88,242","31,649","13,135","74,088","25,450","32,505","1,302","12,325","14,602","51,127","7,991","20,221","8,349","12,177","19,367","30,365","62,634","110,353","5,795","75,118","41,162","1,107","26,744","3,137","9,211","9,519","16,852","10,805","3,990","50,892","89,347","21,388","26,522","81,084","79,007","25,194","10,859","27,243","10,821","34,108","101,517","3,040","52,315","21,491","7,161","618,386","10,155","4,048","32,587","6,755","15,419","1,170","7,641","8,971","5,561","13,072","8,437","36,569","9,941","65,935","5,519","80,386"
Jan-16,"2,711,066","15,327","229,405","15,646","35,268","11,035","88,438","31,831","13,259","74,612","25,755","32,703","1,330","12,465","14,792","51,570","7,998","20,428","8,402","12,225","19,516","30,680","62,761","111,452","5,814","75,315","41,300","1,113","26,778","3,121","9,262","9,634","17,075","10,885","4,026","51,259","89,596","21,508","26,690","81,403","79,481","25,427","10,834","27,318","10,834","34,328","102,220","3,020","52,614","21,612","7,241","620,072","10,198","4,098","32,728","6,745","15,590","1,152","7,702","9,134","5,571","13,050","8,492","36,842","10,062","66,199","5,614","81,211"
Feb-16,"2,727,218","15,361","231,861","15,690","35,408","11,079","88,924","31,989","13,399","75,201","25,944","32,967","1,335","12,505","14,903","52,092","8,023","20,572","8,512","12,333","19,637","30,864","63,500","112,207","5,848","75,484","41,497","1,112","27,042","3,146","9,337","9,631","17,180","10,925","4,037","51,621","90,043","21,602","26,860","81,802","80,223","25,575","10,849","27,520","10,809","34,445","102,825","3,052","52,960","21,762","7,274","622,019","10,340","4,141","32,823","6,789","15,618","1,148","7,790","9,185","5,571","13,114","8,586","37,043","10,058","66,437","5,686","82,103"
Mar-16,"2,752,820","15,400","233,501","15,814","35,693","11,108","89,862","32,245","13,571","76,224","26,173","33,313","1,339","12,628","14,970","52,582","8,142","20,819","8,601","12,340","19,832","31,129","64,762","113,549","5,922","76,043","41,881","1,108","27,386","3,144","9,545","9,748","17,329","11,032","4,075","52,230","91,090","21,768","27,144","82,251","81,265","25,921","10,962","27,720","10,882","34,822","104,002","3,057","53,482","21,943","7,290","626,310","10,432","4,217","33,031","6,811","15,725","1,166","7,886","9,300","5,660","13,237","8,645","37,502","10,093","66,988","5,770","83,408"
Apr-16,"2,752,946","15,383","232,992","15,858","35,604","11,089","89,892","32,276","13,603","75,900","26,175","33,392","1,358","12,683","14,748","52,216","8,145","20,821","8,671","12,315","19,809","31,256","64,319","113,332","5,917","76,139","41,885","1,099","27,376","3,127","9,558","9,790","17,423","11,091","4,058","52,272","90,662","21,770","27,112","82,316","81,481","26,136","11,028","27,613","10,868","34,909","104,089","3,050","53,434","21,938","7,263","627,905","10,427","4,244","33,081","6,727","15,770","1,174","7,938","9,379","5,647","13,262","8,685","37,656","10,145","66,986","5,763","82,916"
May-16,"2,765,510","15,461","233,240","15,858","35,742","11,179","90,217","32,482","13,705","76,055","26,318","33,565","1,353","12,740","14,767","52,294","8,138","20,822","8,673","12,347","19,954","31,463","64,219","113,947","5,878","76,320","42,233","1,114","27,493","3,144","9,665","9,814","17,526","11,140","4,122","52,449","90,912","21,894","27,245","82,698","81,986","26,252","11,106","27,648","10,931","35,217","104,343","3,075","53,699","22,029","7,277","632,636","10,458","4,282","33,336","6,781","15,911","1,178","8,025","9,491","5,684","13,260","8,737","37,863","10,108","67,238","5,803","82,970"
Jun-16,"2,772,011","15,477","233,443","15,884","35,640","11,176","90,478","32,488","13,746","76,129","26,386","33,674","1,375","12,828","14,726","52,454","8,116","20,846","8,713","12,367","19,871","31,449","64,824","114,316","5,917","76,340","42,357","1,116","27,672","3,173","9,758","9,737","17,683","11,219","4,123","52,492","91,111","21,965","27,306","82,446","82,293","26,422","11,100","27,687","10,961","35,375","104,285","3,097","53,841","22,066","7,305","635,206","10,544","4,305","33,389","6,768","15,887","1,143","8,060","9,569","5,676","13,253","8,779","37,980","10,142","67,256","5,807","82,994"
Jul-16,"2,779,675","15,588","234,136","16,024","35,903","11,251","91,280","32,696","13,892","76,692","26,650","33,901","1,379","12,891","14,770","52,916","8,195","20,956","8,773","12,423","19,994","31,707","65,326","103,960","6,014","76,799","42,580","1,113","27,871","3,234","9,805","9,784","17,759","11,242","4,170","52,831","91,637","22,148","27,478","83,217","82,982","26,650","11,149","27,836","10,980","35,770","105,178","3,127","54,301","22,060","7,310","640,028","10,612","4,314","33,621","6,749","15,957","1,132","8,093","9,728","5,673","13,308","8,904","38,204","10,219","67,554","5,791","83,460"
Aug-16,"2,798,529","15,525","233,798","16,006","35,911","11,211","91,768","32,851","13,887","76,845","26,755","34,065","1,402","12,999","14,752","52,982","8,200","20,930","8,756","12,500","20,041","31,813","65,703","115,356","6,062","77,186","42,672","1,109","27,985","3,210","9,837","9,789","17,873","11,200","4,189","52,926","91,857","22,198","27,550","83,397","83,540","26,696","11,171","27,985","10,988","36,022","105,479","3,098","54,370","22,105","7,381","642,360","10,590","4,372","33,664","6,701","15,959","1,127","8,098","9,679","5,718","13,434","8,892","38,321","10,295","67,535","5,862","83,991"
Sep-16,"2,804,061","15,482","234,083","15,907","35,888","11,175","92,154","32,836","13,887","77,127","26,926","34,227","1,378","13,028","14,740","53,024","8,224","20,941","8,761","12,559","20,048","31,891","65,897","115,443","6,066","77,475","42,741","1,130","27,940","3,211","9,869","9,764","17,912","11,176","4,178","52,921","92,003","22,214","27,585","83,793","83,989","26,811","11,193","27,907","11,032","36,127","105,501","3,077","54,478","22,170","7,359","644,182","10,572","4,378","33,822","6,659","16,011","1,122","8,122","9,673","5,754","13,504","8,945","38,384","10,285","67,543","5,872","83,985"
Oct-16,"2,804,943","15,491","233,945","15,881","35,921","11,153","92,114","32,774","13,921","77,219","27,025","34,295","1,373","13,088","14,763","52,858","8,181","20,945","8,806","12,514","20,022","31,864","66,012","115,526","6,045","77,426","42,677","1,126","27,898","3,225","9,865","9,698","17,914","11,213","4,168","53,041","92,007","22,305","27,540","83,841","84,303","26,775","11,130","27,812","11,021","36,346","105,210","3,125","54,400","22,138","7,397","644,981","10,619","4,367","33,927","6,677","16,063","1,126","8,122","9,633","5,772","13,527","8,951","38,517","10,314","67,313","5,862","83,835"
Nov-16,"2,814,173","15,491","234,257","15,872","35,898","11,236","92,850","32,853","13,916","77,661","27,178","34,313","1,399","13,276","14,775","53,079","8,220","21,011","8,788","12,513","20,069","31,977","66,159","116,190","6,060","77,510","42,771","1,121","28,002","3,245","9,912","9,754","17,960","11,235","4,178","53,464","92,231","22,382","27,561","84,113","84,828","26,863","11,150","27,778","11,049","36,621","105,701","3,141","54,598","22,200","7,434","646,662","10,661","4,355","33,965","6,643","16,080","1,130","8,111","9,626","5,772","13,573","8,997","38,625","10,414","67,686","5,882","84,148"
Dec-16,"2,829,660","15,537","235,533","15,920","36,024","11,354","93,739","32,909","14,057","78,236","27,340","34,454","1,406","13,303","14,929","53,566","8,285","21,052","8,815","12,553","20,243","32,235","66,652","116,944","6,061","77,735","42,951","1,121","28,087","3,264","9,992","9,794","18,110","11,259","4,187","53,830","92,734","22,513","27,584","84,497","85,413","27,051","11,216","27,873","11,099","37,002","106,629","3,156","54,901","22,272","7,477","649,751","10,700","4,340","34,038","6,660","16,131","1,155","8,217","9,678","5,776","13,654","8,991","38,827","10,439","68,038","5,967","84,404"
Jan-17,"2,850,991","15,585","238,468","15,928","36,362","11,458","94,846","32,960","14,077","79,399","27,690","34,582","1,412","13,434","15,040","54,058","8,304","21,077","8,925","12,643","20,419","32,643","67,028","118,046","6,040","78,163","43,217","1,119","28,128","3,266","10,072","9,909","18,286","11,356","4,231","54,422","93,295","22,688","27,851","85,235","86,406","27,208","11,308","28,165","11,091","37,333","107,285","3,156","55,222","22,338","7,571","652,784","10,732","4,371","34,213","6,703","16,202","1,168","8,366","9,722","5,768","13,769","9,012","39,171","10,536","68,626","6,012","85,091"
Feb-17,"2,857,966","15,618","239,349","15,984","36,383","11,471","95,270","33,048","14,066","79,997","27,694","34,618","1,426","13,551","15,055","54,323","8,311","21,100","8,959","12,660","20,440","32,906","67,022","118,498","6,039","78,549","43,255","1,116","28,164","3,249","10,079","9,912","18,297","11,358","4,245","54,574","93,561","22,841","27,981","85,459","86,725","27,185","11,301","28,289","11,074","37,386","107,509","3,200","55,335","22,494","7,679","653,604","10,758","4,370","34,210","6,690","16,200","1,172","8,421","9,732","5,752","13,795","9,059","39,239","10,520","68,599","6,008","85,232"
Mar-17,"2,858,630","15,684","239,048","15,991","36,273","11,423","95,048","33,073","14,040","79,665","27,734","34,674","1,438","13,642","15,052","54,251","8,290","21,055","8,996","12,730","20,501","33,085","66,868","118,493","6,045","78,816","43,293","1,104","28,276","3,223","10,078","9,922","18,248","11,430","4,235","54,595","93,315","22,818","28,059","85,511","86,976","27,329","11,264","28,284","11,089","37,413","107,473","3,193","55,338","22,527","7,685","654,069","10,694","4,407","34,170","6,697","16,276","1,193","8,414","9,716","5,723","13,780","9,084","39,257","10,555","68,704","6,044","85,254"
